Company Name,Date/Time,Price,Volume,Value,Bid/ask
BHP.AX,29-JUN-2001,10.39,100,1039.0,Sell
BHP.AX,06-JUL-2001,10.6,100,1060.0,Buy
BHP.AX,29-SEP-2008,34.24,100,3424.0,Sell
BHP.AX,07-OCT-2008,31.7,100,3170.0,Buy
BHP.AX,08-OCT-2008,29.9,100,2990.0,Sell
BHP.AX,13-OCT-2008,30,100,3000.0,Buy
BHP.AX,16-OCT-2008,25.8,100,2580.0,Sell
BHP.AX,29-OCT-2008,26.3,100,2630.0,Buy
BHP.AX,06-NOV-2008,29.2,100,2920.0,Sell
BHP.AX,24-NOV-2008,23.38,100,2338.0,Buy
BHP.AX,01-DEC-2008,29.9,100,2990.0,Sell
BHP.AX,09-DEC-2008,28.45,100,2845.0,Buy
BHP.AX,14-MAY-2009,32.3,100,3230.0,Sell
