Company name,Date/time,Price,Volume,Value,Bid/Ask
BHP.AX,2000-02-08,19.0,100,1900.0,B
BHP.AX,2000-02-09,18.35,100,1835.0,S
BHP.AX,2000-02-10,17.583,100,1758.3,S
BHP.AX,2000-02-15,17.8,100,1779.9999,B
BHP.AX,2000-02-16,17.1,100,1710.0,S
BHP.AX,2000-02-17,17.011,100,1701.1,B
BHP.AX,2000-02-18,16.6,100,1660.0,S
BHP.AX,2000-02-21,17.05,100,1704.9999,B
BHP.AX,2000-02-29,16.092,100,1609.2,S
BHP.AX,2000-03-02,16.4,100,1640.0,B
BHP.AX,2000-03-06,15.787,100,1578.7,S
BHP.AX,2000-03-07,16.5,100,1650.0,B
BHP.AX,2000-03-08,16.07,100,1607.0,S
BHP.AX,2000-03-09,16.95,100,1695.0001,B
BHP.AX,2000-03-10,17.228,100,1722.8,S
BHP.AX,2000-03-13,17.35,100,1735.0,B
BHP.AX,2000-03-14,17.9,100,1790.0,S
BHP.AX,2000-03-15,17.654,100,1765.3999,S
BHP.AX,2000-03-16,18.21,100,1820.9999,B
BHP.AX,2000-03-17,18.0,100,1800.0,S
BHP.AX,2000-03-21,17.75,100,1775.0,S
BHP.AX,2000-03-22,17.888,100,1788.8,B
BHP.AX,2000-03-29,17.65,100,1765.0,B
BHP.AX,2000-04-03,18.431,100,1843.1,B
BHP.AX,2000-04-06,18.85,100,1885.0,S
BHP.AX,2000-04-10,18.15,100,1815.0,S
BHP.AX,2000-04-11,17.85,100,1785.0,S
BHP.AX,2000-04-13,17.8,100,1779.9999,B
BHP.AX,2000-04-17,17.3,100,1729.9999,S
BHP.AX,2000-04-18,17.6,100,1760.0,B
BHP.AX,2000-04-19,17.99,100,1799.0,B
BHP.AX,2000-04-26,18.53,100,1853.0001,B
BHP.AX,2000-04-27,18.4,100,1840.0,S
BHP.AX,2000-05-01,18.06,100,1806.0,S
BHP.AX,2000-05-02,18.751,100,1875.1,B
BHP.AX,2000-05-03,18.291,100,1829.1001,S
BHP.AX,2000-05-05,17.52,100,1752.0,S
BHP.AX,2000-05-08,17.775,100,1777.5,B
BHP.AX,2000-05-10,16.6,100,1660.0,S
BHP.AX,2000-05-12,16.873,100,1687.2999,B
BHP.AX,2000-05-15,17.1,100,1710.0,B
BHP.AX,2000-05-16,17.754,100,1775.4,B
BHP.AX,2000-05-17,17.56,100,1756.0,S
BHP.AX,2000-05-18,17.306,100,1730.6,S
BHP.AX,2000-05-19,17.2,100,1720.0001,S
BHP.AX,2000-05-23,17.43,100,1743.0,B
BHP.AX,2000-05-25,17.78,100,1778.0001,B
BHP.AX,2000-05-26,17.45,100,1745.0001,S
BHP.AX,2000-05-31,17.81,100,1781.0,B
BHP.AX,2000-06-05,17.58,100,1758.0,S
BHP.AX,2000-06-08,17.732,100,1773.2001,B
BHP.AX,2000-06-14,18.109,100,1810.8999,B
BHP.AX,2000-06-15,18.46,100,1845.9999,B
BHP.AX,2000-06-16,18.89,100,1889.0,B
BHP.AX,2000-06-19,18.58,100,1858.0,S
BHP.AX,2000-06-21,18.72,100,1871.9999,S
BHP.AX,2000-06-22,19.176,100,1917.6001,B
BHP.AX,2000-06-26,19.708,100,1970.8,B
BHP.AX,2000-06-27,19.6,100,1960.0,S
BHP.AX,2000-06-29,19.308,100,1930.8,S
BHP.AX,2000-06-30,19.75,100,1975.0,B
BHP.AX,2000-07-05,18.979,100,1897.9,S
BHP.AX,2000-07-07,18.936,100,1893.6001,B
BHP.AX,2000-07-10,18.85,100,1885.0,B
BHP.AX,2000-07-11,19.25,100,1925.0,B
BHP.AX,2000-07-14,19.2,100,1920.0001,S
BHP.AX,2000-07-17,18.942,100,1894.2,S
BHP.AX,2000-07-19,18.76,100,1876.0,B
BHP.AX,2000-07-21,19.209,100,1920.8999,B
BHP.AX,2000-07-25,18.86,100,1886.0,S
BHP.AX,2000-07-27,18.5,100,1850.0,S
BHP.AX,2000-08-01,18.12,100,1812.0001,B
BHP.AX,2000-08-07,18.75,100,1875.0,B
BHP.AX,2000-08-08,18.54,100,1854.0001,S
BHP.AX,2000-08-11,19.16,100,1916.0,B
BHP.AX,2000-08-22,19.35,100,1935.0,S
BHP.AX,2000-08-28,19.6,100,1960.0,S
BHP.AX,2000-08-29,19.691,100,1969.1,S
BHP.AX,2000-09-04,19.246,100,1924.6,B
BHP.AX,2000-09-05,19.27,100,1927.0,B
BHP.AX,2000-09-08,20.17,100,2017.0,B
BHP.AX,2000-09-12,20.74,100,2074.0,B
BHP.AX,2000-09-13,20.71,100,2071.0,S
BHP.AX,2000-09-14,21.079,100,2107.9001,B
BHP.AX,2000-09-15,20.41,100,2041.0,S
BHP.AX,2000-09-20,20.975,100,2097.5,B
BHP.AX,2000-09-22,20.058,100,2005.8,S
BHP.AX,2000-09-26,19.55,100,1954.9999,S
BHP.AX,2000-09-27,19.5,100,1950.0,B
BHP.AX,2000-10-03,19.578,100,1957.7999,B
BHP.AX,2000-10-04,19.8,100,1979.9999,B
BHP.AX,2000-10-06,19.28,100,1928.0001,S
BHP.AX,2000-10-10,19.5,100,1950.0,B
BHP.AX,2000-10-11,19.65,100,1965.0,B
BHP.AX,2000-10-13,19.34,100,1934.0,S
BHP.AX,2000-10-16,19.153,100,1915.3,S
BHP.AX,2000-10-18,18.5,100,1850.0,S
BHP.AX,2000-10-20,18.45,100,1845.0001,B
BHP.AX,2000-10-23,18.5,100,1850.0,B
BHP.AX,2000-10-24,18.757,100,1875.7,B
BHP.AX,2000-10-25,18.4,100,1840.0,S
BHP.AX,2000-11-02,19.16,100,1916.0,B
BHP.AX,2000-11-07,19.06,100,1906.0,S
BHP.AX,2000-11-08,18.75,100,1875.0,S
BHP.AX,2000-11-10,19.0,100,1900.0,B
BHP.AX,2000-11-14,18.45,100,1845.0001,S
BHP.AX,2000-11-16,18.58,100,1858.0,B
BHP.AX,2000-11-17,18.7,100,1870.0001,B
BHP.AX,2000-11-23,18.7,100,1870.0001,S
BHP.AX,2000-11-27,19.52,100,1952.0,B
BHP.AX,2000-11-29,19.268,100,1926.7999,S
BHP.AX,2000-11-30,19.47,100,1946.9999,S
BHP.AX,2000-12-07,19.368,100,1936.8,B
BHP.AX,2000-12-13,19.556,100,1955.6,S
BHP.AX,2000-12-14,19.126,100,1912.6,S
BHP.AX,2000-12-19,18.9,100,1890.0,B
BHP.AX,2000-12-27,19.02,100,1902.0,B
BHP.AX,2001-01-04,19.61,100,1961.0,B
BHP.AX,2001-01-09,19.38,100,1937.9999,S
BHP.AX,2001-01-12,19.26,100,1926.0,B
BHP.AX,2001-01-17,18.55,100,1854.9999,S
BHP.AX,2001-01-23,18.311,100,1831.1001,S
BHP.AX,2001-01-24,18.76,100,1876.0,B
BHP.AX,2001-01-29,18.493,100,1849.3,B
BHP.AX,2001-01-30,18.4,100,1840.0,S
BHP.AX,2001-01-31,18.849,100,1884.9001,B
BHP.AX,2001-02-01,19.305,100,1930.5,B
BHP.AX,2001-02-05,19.19,100,1919.0,S
BHP.AX,2001-02-06,19.345,100,1934.4999,S
BHP.AX,2001-02-09,18.7,100,1870.0001,S
BHP.AX,2001-02-12,18.76,100,1876.0,B
BHP.AX,2001-02-14,19.36,100,1936.0,B
BHP.AX,2001-02-19,19.65,100,1965.0,S
BHP.AX,2001-02-21,19.665,100,1966.5001,S
BHP.AX,2001-02-26,20.47,100,2046.9999,B
BHP.AX,2001-02-27,21.085,100,2108.5,B
BHP.AX,2001-02-28,21.05,100,2105.0,S
BHP.AX,2001-03-01,20.9,100,2090.0,S
BHP.AX,2001-03-02,20.55,100,2055.0,S
BHP.AX,2001-03-05,21.267,100,2126.7,B
BHP.AX,2001-03-06,21.48,100,2148.0,B
BHP.AX,2001-03-08,20.999,100,2099.9001,S
BHP.AX,2001-03-09,20.75,100,2075.0,S
BHP.AX,2001-03-12,20.83,100,2083.0,B
BHP.AX,2001-03-16,20.96,100,2096.0,B
BHP.AX,2001-03-19,21.4,100,2140.0,B
BHP.AX,2001-03-20,20.308,100,2030.8,S
BHP.AX,2001-03-21,20.208,100,2020.8,S
BHP.AX,2001-03-23,20.1,100,2010.0,B
BHP.AX,2001-03-27,19.946,100,1994.5999,S
BHP.AX,2001-03-28,19.92,100,1992.0,B
BHP.AX,2001-04-02,19.9,100,1990.0,B
BHP.AX,2001-04-11,21.04,100,2104.0,B
BHP.AX,2001-04-12,21.32,100,2132.0,B
BHP.AX,2001-04-17,21.08,100,2108.0,S
BHP.AX,2001-04-18,21.373,100,2137.2998,S
BHP.AX,2001-04-20,22.35,100,2235.0,B
BHP.AX,2001-04-23,22.164,100,2216.4,S
BHP.AX,2001-04-24,22.19,100,2219.0,S
BHP.AX,2001-04-26,21.8,100,2180.0,S
BHP.AX,2001-04-27,20.771,100,2077.1,S
BHP.AX,2001-04-30,21.52,100,2152.0,B
BHP.AX,2001-05-01,21.75,100,2175.0,B
BHP.AX,2001-05-02,21.68,100,2168.0,B
BHP.AX,2001-05-03,21.48,100,2148.0,S
BHP.AX,2001-05-14,21.697,100,2169.7,S
BHP.AX,2001-05-17,22.5,100,2250.0,B
BHP.AX,2001-05-18,22.85,100,2285.0,B
BHP.AX,2001-05-22,23.474,100,2347.4001,S
BHP.AX,2001-05-23,23.37,100,2337.0,S
BHP.AX,2001-05-24,23.11,100,2311.0,S
BHP.AX,2001-05-25,22.78,100,2278.0,S
BHP.AX,2001-05-31,22.5,100,2250.0,S
BHP.AX,2001-06-06,22.5,100,2250.0,B
BHP.AX,2001-06-12,21.85,100,2185.0,S
BHP.AX,2001-06-13,21.12,100,2112.0,S
BHP.AX,2001-06-14,21.64,100,2164.0,B
BHP.AX,2001-06-15,21.717,100,2171.7,B
BHP.AX,2001-06-18,21.48,100,2148.0,B
BHP.AX,2001-06-19,21.633,100,2163.3,S
BHP.AX,2001-06-25,21.147,100,2114.7,S
BHP.AX,2001-06-26,21.222,100,2122.2,B
BHP.AX,2001-06-28,21.42,100,2142.0,B
BHP.AX,2001-06-29,10.39,100,1039.0,S
BHP.AX,2001-07-02,10.48,100,1048.0,B
BHP.AX,2001-07-04,10.86,100,1086.0,B
BHP.AX,2001-07-05,10.75,100,1075.0,S
BHP.AX,2001-07-06,10.6,100,1060.0,S
BHP.AX,2001-07-09,10.41,100,1041.0,S
BHP.AX,2001-07-11,10.4,100,1040.0,B
BHP.AX,2001-07-12,10.536,100,1053.6,B
BHP.AX,2001-07-17,10.57,100,1057.0,S
BHP.AX,2001-07-19,10.17,100,1017.0,S
BHP.AX,2001-07-23,9.96,100,996.0,S
BHP.AX,2001-07-25,9.2,100,920.0,S
BHP.AX,2001-07-26,9.37,100,937.0,B
BHP.AX,2001-07-27,9.49,100,949.0,B
BHP.AX,2001-07-30,9.54,100,954.0,B
BHP.AX,2001-08-01,10.042,100,1004.19995,B
BHP.AX,2001-08-02,9.88,100,988.0,S
BHP.AX,2001-08-06,10.04,100,1004.0,S
BHP.AX,2001-08-08,9.67,100,967.0,S
BHP.AX,2001-08-09,9.46,100,946.0,S
BHP.AX,2001-08-13,9.3,100,930.0,B
BHP.AX,2001-08-15,9.43,100,943.0,B
BHP.AX,2001-08-16,9.17,100,917.0,S
BHP.AX,2001-08-17,9.24,100,924.0,B
BHP.AX,2001-08-20,9.13,100,913.0,S
BHP.AX,2001-08-21,9.18,100,918.0,B
BHP.AX,2001-08-22,9.02,100,902.00006,S
BHP.AX,2001-08-23,9.14,100,914.00006,B
BHP.AX,2001-08-27,9.63,100,963.0,B
BHP.AX,2001-08-29,9.65,100,964.99994,S
BHP.AX,2001-08-30,9.59,100,959.0,S
BHP.AX,2001-08-31,9.32,100,932.0,S
BHP.AX,2001-09-05,9.72,100,972.0,B
BHP.AX,2001-09-10,9.5,100,950.0,S
BHP.AX,2001-09-12,9.09,100,909.0,S
BHP.AX,2001-09-13,9.107,100,910.7,B
BHP.AX,2001-09-14,9.15,100,914.99994,B
BHP.AX,2001-09-18,9.18,100,918.0,B
BHP.AX,2001-09-19,8.99,100,899.0,S
BHP.AX,2001-09-20,8.525,100,852.49994,S
BHP.AX,2001-09-21,7.95,100,795.0,S
BHP.AX,2001-09-24,8.12,100,812.0,B
BHP.AX,2001-09-25,8.37,100,837.0,B
BHP.AX,2001-09-26,8.54,100,854.0,B
BHP.AX,2001-09-27,8.565,100,856.49994,S
BHP.AX,2001-09-28,8.58,100,858.0,S
BHP.AX,2001-10-05,9.237,100,923.7001,B
BHP.AX,2001-10-08,8.839,100,883.89996,S
BHP.AX,2001-10-10,8.871,100,887.10004,S
BHP.AX,2001-10-11,9.24,100,924.0,B
BHP.AX,2001-10-12,9.564,100,956.4,B
BHP.AX,2001-10-16,9.66,100,966.0,S
BHP.AX,2001-10-17,9.46,100,946.0,S
BHP.AX,2001-10-19,9.35,100,935.00006,S
BHP.AX,2001-10-22,9.0,100,900.0,S
BHP.AX,2001-10-24,9.15,100,914.99994,B
BHP.AX,2001-10-25,9.33,100,933.0,B
BHP.AX,2001-10-29,9.362,100,936.2001,S
BHP.AX,2001-10-30,9.24,100,924.0,S
BHP.AX,2001-10-31,8.93,100,893.0,S
BHP.AX,2001-11-05,8.87,100,887.0,B
BHP.AX,2001-11-12,9.16,100,916.0,B
BHP.AX,2001-11-13,9.26,100,926.0,B
BHP.AX,2001-11-14,9.82,100,982.0,B
BHP.AX,2001-11-15,10.39,100,1039.0,B
BHP.AX,2001-11-16,9.628,100,962.80005,S
BHP.AX,2001-11-19,9.63,100,963.0,S
BHP.AX,2001-11-20,9.84,100,984.0,S
BHP.AX,2001-11-21,9.671,100,967.1,B
BHP.AX,2001-11-26,9.75,100,975.0,B
BHP.AX,2001-11-27,10.013,100,1001.2999,B
BHP.AX,2001-11-28,9.9,100,989.99994,S
BHP.AX,2001-12-04,10.22,100,1022.0,B
BHP.AX,2001-12-06,10.21,100,1021.0,S
BHP.AX,2001-12-12,10.25,100,1025.0,S
BHP.AX,2001-12-13,10.03,100,1003.0,S
BHP.AX,2001-12-18,10.05,100,1005.0,B
BHP.AX,2001-12-19,10.35,100,1035.0,B
BHP.AX,2001-12-21,10.2,100,1020.0,S
BHP.AX,2001-12-27,10.49,100,1049.0,B
BHP.AX,2001-12-31,10.5,100,1050.0,S
BHP.AX,2002-01-04,10.91,100,1091.0,B
BHP.AX,2002-01-09,11.15,100,1115.0,S
BHP.AX,2002-01-10,11.15,100,1115.0,S
BHP.AX,2002-01-15,10.86,100,1086.0,S
BHP.AX,2002-01-18,10.77,100,1077.0,B
BHP.AX,2002-01-22,11.15,100,1115.0,B
BHP.AX,2002-01-25,11.42,100,1142.0,S
BHP.AX,2002-01-29,11.18,100,1118.0,S
BHP.AX,2002-01-30,11.271,100,1127.1,S
BHP.AX,2002-02-01,11.3,100,1130.0,B
BHP.AX,2002-02-05,11.685,100,1168.5,B
BHP.AX,2002-02-07,11.65,100,1165.0,S
BHP.AX,2002-02-12,11.92,100,1192.0,B
BHP.AX,2002-02-13,12.15,100,1215.0,B
BHP.AX,2002-02-15,11.87,100,1187.0,S
BHP.AX,2002-02-18,11.71,100,1171.0,S
BHP.AX,2002-02-19,11.65,100,1165.0,S
BHP.AX,2002-02-20,11.7,100,1170.0,B
BHP.AX,2002-02-26,11.69,100,1169.0,B
BHP.AX,2002-02-27,11.72,100,1172.0,B
BHP.AX,2002-03-01,11.61,100,1161.0,S
BHP.AX,2002-03-08,11.99,100,1199.0,S
BHP.AX,2002-03-14,11.502,100,1150.2,S
BHP.AX,2002-03-15,11.285,100,1128.5,S
BHP.AX,2002-03-18,11.5,100,1150.0,B
BHP.AX,2002-03-19,11.61,100,1161.0,B
BHP.AX,2002-03-20,11.76,100,1176.0,B
BHP.AX,2002-03-21,11.51,100,1151.0,S
BHP.AX,2002-03-22,11.38,100,1138.0,S
BHP.AX,2002-03-25,11.21,100,1121.0,S
BHP.AX,2002-03-27,11.4,100,1140.0,B
BHP.AX,2002-04-02,11.6,100,1160.0,B
BHP.AX,2002-04-03,11.66,100,1166.0,S
BHP.AX,2002-04-05,11.68,100,1168.0,S
BHP.AX,2002-04-10,11.96,100,1196.0,B
BHP.AX,2002-04-11,11.65,100,1165.0,S
BHP.AX,2002-04-15,11.59,100,1159.0,S
BHP.AX,2002-04-16,11.6,100,1160.0,B
BHP.AX,2002-04-26,10.73,100,1073.0,S
BHP.AX,2002-04-30,10.8,100,1080.0,B
BHP.AX,2002-05-01,10.85,100,1085.0,B
BHP.AX,2002-05-06,11.12,100,1112.0,B
BHP.AX,2002-05-10,11.25,100,1125.0,B
BHP.AX,2002-05-13,11.07,100,1107.0,S
BHP.AX,2002-05-15,11.46,100,1146.0,B
BHP.AX,2002-05-16,11.56,100,1156.0,B
BHP.AX,2002-05-20,11.43,100,1143.0,S
BHP.AX,2002-05-21,11.2,100,1120.0,S
BHP.AX,2002-05-24,10.98,100,1098.0,B
BHP.AX,2002-05-28,11.16,100,1116.0,B
BHP.AX,2002-05-29,10.9,100,1090.0,S
BHP.AX,2002-05-31,10.8,100,1080.0,S
BHP.AX,2002-06-12,10.3,100,1030.0,B
BHP.AX,2002-06-13,10.61,100,1061.0,B
BHP.AX,2002-06-19,10.26,100,1026.0,S
BHP.AX,2002-06-21,10.23,100,1022.99994,S
BHP.AX,2002-06-24,10.04,100,1004.0,B
BHP.AX,2002-06-27,10.4,100,1040.0,B
BHP.AX,2002-06-28,10.3,100,1030.0,S
BHP.AX,2002-07-01,10.58,100,1058.0,B
BHP.AX,2002-07-02,10.13,100,1013.0,S
BHP.AX,2002-07-04,10.13,100,1013.0,S
BHP.AX,2002-07-05,10.3,100,1030.0,B
BHP.AX,2002-07-10,10.16,100,1016.0,S
BHP.AX,2002-07-11,10.08,100,1008.0,S
BHP.AX,2002-07-15,9.95,100,995.0,B
BHP.AX,2002-07-16,9.61,100,960.99994,S
BHP.AX,2002-07-17,9.3,100,930.0,S
BHP.AX,2002-07-18,9.77,100,977.00006,B
BHP.AX,2002-07-19,9.9,100,989.99994,B
BHP.AX,2002-07-22,9.87,100,987.0,B
BHP.AX,2002-07-23,9.82,100,982.0,S
BHP.AX,2002-07-24,9.48,100,947.99994,S
BHP.AX,2002-07-29,9.15,100,914.99994,B
BHP.AX,2002-07-30,9.48,100,947.99994,B
BHP.AX,2002-07-31,9.53,100,953.0,B
BHP.AX,2002-08-01,9.34,100,934.0,S
BHP.AX,2002-08-02,8.99,100,899.0,S
BHP.AX,2002-08-05,8.7,100,870.0,S
BHP.AX,2002-08-06,8.3,100,830.0,S
BHP.AX,2002-08-07,8.89,100,889.00006,B
BHP.AX,2002-08-08,9.01,100,901.0,B
BHP.AX,2002-08-09,9.28,100,928.0,B
BHP.AX,2002-08-12,9.25,100,925.0,S
BHP.AX,2002-08-13,8.96,100,896.0,S
BHP.AX,2002-08-14,8.81,100,881.00006,S
BHP.AX,2002-08-15,9.04,100,904.0,B
BHP.AX,2002-08-16,8.93,100,893.0,B
BHP.AX,2002-08-19,9.07,100,907.0,B
BHP.AX,2002-08-21,9.33,100,933.0,B
BHP.AX,2002-08-23,9.58,100,958.0,S
BHP.AX,2002-08-27,9.45,100,945.0,S
BHP.AX,2002-09-03,9.24,100,924.0,B
BHP.AX,2002-09-04,8.9,100,889.99994,S
BHP.AX,2002-09-09,8.96,100,896.0,B
BHP.AX,2002-09-10,9.11,100,910.99994,B
BHP.AX,2002-09-11,9.4,100,939.99994,B
BHP.AX,2002-09-13,9.33,100,933.0,S
BHP.AX,2002-09-16,9.43,100,943.0,S
BHP.AX,2002-09-19,9.11,100,910.99994,S
BHP.AX,2002-09-26,9.04,100,904.0,B
BHP.AX,2002-09-27,9.37,100,937.0,B
BHP.AX,2002-09-30,9.05,100,905.0,S
BHP.AX,2002-10-02,9.39,100,939.00006,S
BHP.AX,2002-10-03,9.24,100,924.0,B
BHP.AX,2002-10-04,9.28,100,928.0,S
BHP.AX,2002-10-07,9.22,100,922.0,S
BHP.AX,2002-10-09,8.97,100,897.0,S
BHP.AX,2002-10-11,9.2,100,920.0,B
BHP.AX,2002-10-14,9.52,100,952.00006,B
BHP.AX,2002-10-17,9.79,100,979.0,S
BHP.AX,2002-10-18,10.03,100,1003.0,B
BHP.AX,2002-10-21,9.74,100,974.0,S
BHP.AX,2002-10-22,9.62,100,962.0,S
BHP.AX,2002-10-24,9.81,100,981.00006,B
BHP.AX,2002-10-31,9.69,100,968.99994,B
BHP.AX,2002-11-04,9.7,100,970.0,B
BHP.AX,2002-11-05,9.7,100,970.0,S
BHP.AX,2002-11-06,9.86,100,985.99994,B
BHP.AX,2002-11-07,9.68,100,968.0,S
BHP.AX,2002-11-11,9.36,100,935.99994,S
BHP.AX,2002-11-12,9.37,100,937.0,B
BHP.AX,2002-11-13,9.43,100,943.0,B
BHP.AX,2002-11-15,9.61,100,960.99994,B
BHP.AX,2002-11-20,9.74,100,974.0,S
BHP.AX,2002-11-22,10.04,100,1004.0,B
BHP.AX,2002-11-25,9.92,100,992.0,S
BHP.AX,2002-11-26,9.7,100,970.0,S
BHP.AX,2002-11-27,9.53,100,953.0,S
BHP.AX,2002-11-28,9.89,100,989.00006,B
BHP.AX,2002-11-29,10.12,100,1012.0,B
BHP.AX,2002-12-02,10.25,100,1025.0,B
BHP.AX,2002-12-03,10.25,100,1025.0,S
BHP.AX,2002-12-04,10.06,100,1006.00006,S
BHP.AX,2002-12-10,9.83,100,983.0,S
BHP.AX,2002-12-17,9.9,100,989.99994,B
BHP.AX,2002-12-20,9.85,100,985.00006,S
BHP.AX,2002-12-23,10.14,100,1014.00006,B
BHP.AX,2002-12-24,10.14,100,1014.00006,B
BHP.AX,2002-12-30,9.95,100,995.0,S
BHP.AX,2002-12-31,10.15,100,1014.99994,B
BHP.AX,2003-01-03,10.33,100,1033.0,B
BHP.AX,2003-01-06,9.92,100,992.0,S
BHP.AX,2003-01-08,9.96,100,996.0,S
BHP.AX,2003-01-09,9.81,100,981.00006,B
BHP.AX,2003-01-14,9.83,100,983.0,B
BHP.AX,2003-01-20,9.48,100,947.99994,S
BHP.AX,2003-01-21,9.55,100,955.0,B
BHP.AX,2003-01-29,9.03,100,903.0,S
BHP.AX,2003-02-03,8.83,100,883.0,B
BHP.AX,2003-02-04,9.12,100,912.0,B
BHP.AX,2003-02-13,9.09,100,909.0,S
BHP.AX,2003-02-14,8.95,100,895.0,S
BHP.AX,2003-02-18,9.16,100,916.0,B
BHP.AX,2003-02-19,9.42,100,942.0,B
BHP.AX,2003-02-20,9.23,100,922.99994,S
BHP.AX,2003-02-25,9.33,100,933.0,B
BHP.AX,2003-02-27,9.18,100,918.0,S
BHP.AX,2003-03-03,9.31,100,931.00006,B
BHP.AX,2003-03-05,9.03,100,903.0,S
BHP.AX,2003-03-06,8.92,100,892.0,S
BHP.AX,2003-03-07,8.65,100,864.99994,S
BHP.AX,2003-03-10,8.75,100,875.0,B
BHP.AX,2003-03-12,8.77,100,877.00006,B
BHP.AX,2003-03-13,8.68,100,868.0,S
BHP.AX,2003-03-14,9.11,100,910.99994,B
BHP.AX,2003-03-17,9.08,100,908.0,S
BHP.AX,2003-03-18,9.45,100,945.0,B
BHP.AX,2003-03-19,9.54,100,954.0,S
BHP.AX,2003-03-21,9.39,100,939.00006,S
BHP.AX,2003-03-26,9.4,100,939.99994,B
BHP.AX,2003-03-31,9.28,100,928.0,S
BHP.AX,2003-04-01,9.07,100,907.0,S
BHP.AX,2003-04-03,9.41,100,941.0,B
BHP.AX,2003-04-04,9.49,100,949.0,B
BHP.AX,2003-04-08,9.6,100,960.00006,S
BHP.AX,2003-04-09,9.4,100,939.99994,S
BHP.AX,2003-04-10,9.25,100,925.0,S
BHP.AX,2003-04-14,9.37,100,937.0,B
BHP.AX,2003-04-15,9.52,100,952.00006,B
BHP.AX,2003-04-17,9.45,100,945.0,S
BHP.AX,2003-04-23,9.36,100,935.99994,S
BHP.AX,2003-04-24,8.99,100,899.0,S
BHP.AX,2003-04-29,9.1,100,910.00006,B
BHP.AX,2003-05-01,9.0,100,900.0,B
BHP.AX,2003-05-02,8.79,100,879.0,S
BHP.AX,2003-05-07,8.66,100,866.0,B
BHP.AX,2003-05-12,8.69,100,868.99994,B
BHP.AX,2003-05-15,8.49,100,849.0,S
BHP.AX,2003-05-16,8.41,100,841.0,S
BHP.AX,2003-05-19,8.41,100,841.0,B
BHP.AX,2003-05-22,8.47,100,847.0,B
BHP.AX,2003-05-23,8.62,100,862.0,B
BHP.AX,2003-05-27,8.4,100,839.99994,S
BHP.AX,2003-05-29,8.69,100,868.99994,B
BHP.AX,2003-06-03,8.74,100,874.0,S
BHP.AX,2003-06-05,8.76,100,876.0,S
BHP.AX,2003-06-06,8.87,100,887.0,B
BHP.AX,2003-06-11,9.07,100,907.0,B
BHP.AX,2003-06-13,9.1,100,910.00006,S
BHP.AX,2003-06-16,9.05,100,905.0,S
BHP.AX,2003-06-20,8.9,100,889.99994,S
BHP.AX,2003-06-23,8.95,100,895.0,B
BHP.AX,2003-06-24,8.77,100,877.00006,S
BHP.AX,2003-06-25,8.84,100,884.0,B
BHP.AX,2003-06-26,8.62,100,862.0,S
BHP.AX,2003-06-27,8.7,100,870.0,B
BHP.AX,2003-07-02,8.36,100,835.99994,S
BHP.AX,2003-07-04,8.43,100,843.0,B
BHP.AX,2003-07-07,8.62,100,862.0,B
BHP.AX,2003-07-08,8.89,100,889.00006,B
BHP.AX,2003-07-11,9.0,100,900.0,S
BHP.AX,2003-07-16,9.27,100,927.00006,B
BHP.AX,2003-07-21,9.3,100,930.0,S
BHP.AX,2003-07-24,9.65,100,964.99994,B
BHP.AX,2003-07-25,9.85,100,985.00006,B
BHP.AX,2003-07-29,9.89,100,989.00006,S
BHP.AX,2003-07-30,9.77,100,977.00006,S
BHP.AX,2003-08-01,10.08,100,1008.0,B
BHP.AX,2003-08-06,10.08,100,1008.0,S
BHP.AX,2003-08-11,10.05,100,1005.0,S
BHP.AX,2003-08-14,10.2,100,1020.0,B
BHP.AX,2003-08-20,10.55,100,1055.0,S
BHP.AX,2003-08-21,10.45,100,1045.0,S
BHP.AX,2003-08-27,10.63,100,1063.0,S
BHP.AX,2003-08-28,10.88,100,1088.0,B
BHP.AX,2003-09-03,11.07,100,1107.0,S
BHP.AX,2003-09-05,11.17,100,1117.0,S
BHP.AX,2003-09-08,11.29,100,1129.0,B
BHP.AX,2003-09-10,11.07,100,1107.0,S
BHP.AX,2003-09-11,10.84,100,1084.0,S
BHP.AX,2003-09-12,10.79,100,1079.0,S
BHP.AX,2003-09-15,10.81,100,1081.0,B
BHP.AX,2003-09-16,10.98,100,1098.0,B
BHP.AX,2003-09-18,10.8,100,1080.0,S
BHP.AX,2003-09-22,10.67,100,1067.0,S
BHP.AX,2003-09-23,10.6,100,1060.0,B
BHP.AX,2003-09-29,10.54,100,1054.0,S
BHP.AX,2003-10-01,10.24,100,1024.0,S
BHP.AX,2003-10-02,10.48,100,1048.0,B
BHP.AX,2003-10-06,10.95,100,1095.0,B
BHP.AX,2003-10-07,10.98,100,1098.0,S
BHP.AX,2003-10-08,10.96,100,1096.0,S
BHP.AX,2003-10-15,11.73,100,1173.0,S
BHP.AX,2003-10-16,12.21,100,1221.0,B
BHP.AX,2003-10-17,12.1,100,1210.0,S
BHP.AX,2003-10-21,11.91,100,1191.0,S
BHP.AX,2003-10-22,12.0,100,1200.0,B
BHP.AX,2003-10-23,11.38,100,1138.0,S
BHP.AX,2003-10-27,11.2,100,1120.0,S
BHP.AX,2003-10-28,11.25,100,1125.0,B
BHP.AX,2003-10-30,11.44,100,1144.0,B
BHP.AX,2003-10-31,11.72,100,1172.0,B
BHP.AX,2003-11-04,11.54,100,1154.0,S
BHP.AX,2003-11-05,11.45,100,1145.0,S
BHP.AX,2003-11-06,11.68,100,1168.0,B
BHP.AX,2003-11-11,11.28,100,1128.0,S
BHP.AX,2003-11-13,11.48,100,1148.0,B
BHP.AX,2003-11-18,11.13,100,1113.0,S
BHP.AX,2003-11-21,10.76,100,1076.0,S
BHP.AX,2003-11-25,11.15,100,1115.0,B
BHP.AX,2003-11-26,11.1,100,1110.0,B
BHP.AX,2003-11-28,11.27,100,1127.0,S
BHP.AX,2003-12-02,11.44,100,1144.0,B
BHP.AX,2003-12-04,11.63,100,1163.0,B
BHP.AX,2003-12-05,11.5,100,1150.0,S
BHP.AX,2003-12-10,11.75,100,1175.0,B
BHP.AX,2003-12-11,11.54,100,1154.0,S
BHP.AX,2003-12-15,11.99,100,1199.0,B
BHP.AX,2003-12-16,11.58,100,1158.0,S
BHP.AX,2003-12-18,11.74,100,1174.0,S
BHP.AX,2003-12-19,11.9,100,1190.0,B
BHP.AX,2004-01-07,12.18,100,1218.0,S
BHP.AX,2004-01-08,11.91,100,1191.0,S
BHP.AX,2004-01-09,11.79,100,1179.0,S
BHP.AX,2004-01-13,11.58,100,1158.0,B
BHP.AX,2004-01-14,11.96,100,1196.0,B
BHP.AX,2004-01-16,11.39,100,1139.0,S
BHP.AX,2004-01-20,11.84,100,1184.0,B
BHP.AX,2004-01-22,11.74,100,1174.0,S
BHP.AX,2004-01-28,11.44,100,1144.0,S
BHP.AX,2004-01-29,11.27,100,1127.0,S
BHP.AX,2004-02-02,11.34,100,1134.0,B
BHP.AX,2004-02-05,11.5,100,1150.0,B
BHP.AX,2004-02-19,12.2,100,1220.0,B
BHP.AX,2004-02-23,12.26,100,1226.0,S
BHP.AX,2004-02-24,12.14,100,1214.0,S
BHP.AX,2004-02-25,12.01,100,1201.0,S
BHP.AX,2004-02-26,12.25,100,1225.0,B
BHP.AX,2004-03-01,12.43,100,1243.0,B
BHP.AX,2004-03-04,12.4,100,1240.0,S
BHP.AX,2004-03-09,12.5,100,1250.0,B
BHP.AX,2004-03-10,12.25,100,1225.0,S
BHP.AX,2004-03-11,12.02,100,1202.0,S
BHP.AX,2004-03-15,12.33,100,1233.0,B
BHP.AX,2004-03-18,12.39,100,1239.0,S
BHP.AX,2004-03-19,12.5,100,1250.0,B
BHP.AX,2004-03-22,12.21,100,1221.0,S
BHP.AX,2004-03-24,11.95,100,1195.0,S
BHP.AX,2004-03-25,11.95,100,1195.0,B
BHP.AX,2004-03-26,12.1,100,1210.0,B
BHP.AX,2004-03-29,12.16,100,1216.0,B
BHP.AX,2004-03-31,12.26,100,1226.0,S
BHP.AX,2004-04-05,12.67,100,1267.0,B
BHP.AX,2004-04-06,12.53,100,1253.0,S
BHP.AX,2004-04-08,12.35,100,1235.0,S
BHP.AX,2004-04-19,12.21,100,1221.0,B
BHP.AX,2004-04-23,12.19,100,1219.0,B
BHP.AX,2004-04-28,11.92,100,1192.0,S
BHP.AX,2004-04-29,11.5,100,1150.0,S
BHP.AX,2004-05-04,11.5,100,1150.0,B
BHP.AX,2004-05-05,11.79,100,1179.0,B
BHP.AX,2004-05-10,11.47,100,1147.0,S
BHP.AX,2004-05-11,11.52,100,1152.0,B
BHP.AX,2004-05-17,11.41,100,1141.0,S
BHP.AX,2004-05-18,11.66,100,1166.0,B
BHP.AX,2004-05-20,11.83,100,1183.0,B
BHP.AX,2004-05-21,11.77,100,1177.0,S
BHP.AX,2004-05-26,12.01,100,1201.0,B
BHP.AX,2004-05-27,11.96,100,1196.0,S
BHP.AX,2004-05-28,12.05,100,1205.0,B
BHP.AX,2004-06-03,11.92,100,1192.0,S
BHP.AX,2004-06-08,12.25,100,1225.0,B
BHP.AX,2004-06-09,12.09,100,1209.0,S
BHP.AX,2004-06-21,12.48,100,1248.0,B
BHP.AX,2004-06-22,12.33,100,1233.0,S
BHP.AX,2004-06-24,12.3,100,1230.0,S
BHP.AX,2004-06-25,12.37,100,1237.0,B
BHP.AX,2004-07-19,12.96,100,1296.0,B
BHP.AX,2004-07-20,12.7,100,1270.0,S
BHP.AX,2004-07-22,12.75,100,1275.0,S
BHP.AX,2004-07-26,12.53,100,1253.0,S
BHP.AX,2004-07-28,12.71,100,1271.0,B
BHP.AX,2004-07-29,12.83,100,1283.0,B
BHP.AX,2004-07-30,13.18,100,1318.0,B
BHP.AX,2004-08-04,13.25,100,1325.0,S
BHP.AX,2004-08-09,13.04,100,1304.0,S
BHP.AX,2004-08-17,13.33,100,1333.0,B
BHP.AX,2004-08-23,13.41,100,1341.0,B
BHP.AX,2004-09-02,13.34,100,1334.0,B
BHP.AX,2004-09-17,13.58,100,1358.0,B
BHP.AX,2004-09-20,13.92,100,1392.0,B
BHP.AX,2004-09-23,13.94,100,1394.0,S
BHP.AX,2004-09-29,14.5,100,1450.0,B
BHP.AX,2004-10-01,14.28,100,1428.0,S
BHP.AX,2004-10-07,14.94,100,1494.0,S
BHP.AX,2004-10-11,14.96,100,1496.0,B
BHP.AX,2004-10-12,14.93,100,1493.0,S
BHP.AX,2004-10-14,13.97,100,1397.0,S
BHP.AX,2004-10-18,14.08,100,1408.0,B
BHP.AX,2004-10-19,13.91,100,1391.0,B
BHP.AX,2004-10-20,13.63,100,1363.0,S
BHP.AX,2004-10-21,13.8,100,1380.0,B
BHP.AX,2004-10-22,13.97,100,1397.0,B
BHP.AX,2004-10-28,14.34,100,1434.0,B
BHP.AX,2004-10-29,13.85,100,1385.0,S
BHP.AX,2004-11-03,14.14,100,1414.0,B
BHP.AX,2004-11-08,13.87,100,1387.0,S
BHP.AX,2004-11-11,14.29,100,1429.0,B
BHP.AX,2004-11-16,14.19,100,1419.0,S
BHP.AX,2004-11-19,14.45,100,1445.0,B
BHP.AX,2004-11-23,14.82,100,1482.0,B
BHP.AX,2004-11-25,15.17,100,1517.0,B
BHP.AX,2004-11-26,15.4,100,1540.0,S
BHP.AX,2004-11-29,15.28,100,1528.0,S
BHP.AX,2004-12-01,15.27,100,1527.0,S
BHP.AX,2004-12-02,15.51,100,1551.0,B
BHP.AX,2004-12-03,15.28,100,1528.0,S
BHP.AX,2004-12-07,14.9,100,1490.0,S
BHP.AX,2004-12-10,14.68,100,1468.0,B
BHP.AX,2004-12-13,14.86,100,1486.0,B
BHP.AX,2004-12-14,15.13,100,1513.0,B
BHP.AX,2004-12-15,14.9,100,1490.0,S
BHP.AX,2004-12-17,15.13,100,1513.0,S
BHP.AX,2004-12-20,15.29,100,1529.0,B
BHP.AX,2005-01-05,14.99,100,1499.0,S
BHP.AX,2005-01-07,15.2,100,1520.0,B
BHP.AX,2005-01-10,15.23,100,1523.0,B
BHP.AX,2005-01-20,15.6,100,1560.0,S
BHP.AX,2005-01-25,16.02,100,1602.0,B
BHP.AX,2005-01-31,16.27,100,1627.0,S
BHP.AX,2005-02-04,16.95,100,1695.0001,S
BHP.AX,2005-02-08,16.96,100,1695.9999,S
BHP.AX,2005-02-14,16.9,100,1690.0,B
BHP.AX,2005-02-15,17.15,100,1715.0,B
BHP.AX,2005-02-21,17.88,100,1787.9999,S
BHP.AX,2005-02-22,17.74,100,1774.0,S
BHP.AX,2005-02-23,18.44,100,1844.0,B
BHP.AX,2005-02-25,18.6,100,1860.0,B
BHP.AX,2005-03-02,18.95,100,1895.0001,S
BHP.AX,2005-03-03,19.04,100,1904.0001,S
BHP.AX,2005-03-07,19.29,100,1929.0001,B
BHP.AX,2005-03-08,18.85,100,1885.0,S
BHP.AX,2005-03-09,19.22,100,1921.9999,B
BHP.AX,2005-03-10,19.14,100,1914.0,S
BHP.AX,2005-03-16,18.56,100,1856.0,B
BHP.AX,2005-03-18,18.92,100,1892.0,B
BHP.AX,2005-03-21,19.13,100,1912.9999,B
BHP.AX,2005-03-23,18.59,100,1859.0,S
BHP.AX,2005-03-24,18.25,100,1825.0,S
BHP.AX,2005-03-30,17.68,100,1768.0,S
BHP.AX,2005-03-31,17.87,100,1787.0001,B
BHP.AX,2005-04-01,18.29,100,1829.0001,B
BHP.AX,2005-04-04,18.31,100,1831.0,B
BHP.AX,2005-04-06,17.84,100,1784.0,S
BHP.AX,2005-04-08,18.45,100,1845.0001,B
BHP.AX,2005-04-13,18.09,100,1809.0,S
BHP.AX,2005-04-14,17.33,100,1733.0,S
BHP.AX,2005-04-15,16.66,100,1666.0,S
BHP.AX,2005-04-19,16.81,100,1681.0,B
BHP.AX,2005-04-20,17.02,100,1702.0,B
BHP.AX,2005-04-22,17.05,100,1704.9999,S
BHP.AX,2005-04-27,16.65,100,1665.0,S
BHP.AX,2005-04-28,16.14,100,1614.0,S
BHP.AX,2005-05-02,16.45,100,1645.0001,B
BHP.AX,2005-05-06,16.52,100,1652.0,B
BHP.AX,2005-05-10,16.7,100,1670.0001,S
BHP.AX,2005-05-11,16.43,100,1643.0,S
BHP.AX,2005-05-12,16.29,100,1629.0001,S
BHP.AX,2005-05-17,15.71,100,1571.0,B
BHP.AX,2005-05-18,15.93,100,1593.0,B
BHP.AX,2005-05-19,16.2,100,1620.0001,B
BHP.AX,2005-05-20,15.88,100,1588.0,S
BHP.AX,2005-05-25,16.2,100,1620.0001,B
BHP.AX,2005-05-30,16.85,100,1685.0,B
BHP.AX,2005-06-03,17.42,100,1742.0,B
BHP.AX,2005-06-07,17.37,100,1737.0001,S
BHP.AX,2005-06-08,17.15,100,1715.0,S
BHP.AX,2005-06-14,17.34,100,1734.0,B
BHP.AX,2005-06-17,18.25,100,1825.0,B
BHP.AX,2005-06-22,18.11,100,1811.0,S
BHP.AX,2005-06-23,17.79,100,1779.0001,S
BHP.AX,2005-06-28,18.08,100,1808.0,B
BHP.AX,2005-07-01,18.09,100,1809.0,S
BHP.AX,2005-07-08,18.38,100,1837.9999,S
BHP.AX,2005-07-11,18.8,100,1879.9999,B
BHP.AX,2005-07-12,18.6,100,1860.0,S
BHP.AX,2005-07-13,18.73,100,1873.0,B
BHP.AX,2005-07-14,18.7,100,1870.0001,S
BHP.AX,2005-07-19,18.2,100,1820.0001,S
BHP.AX,2005-07-20,18.65,100,1865.0,B
BHP.AX,2005-07-21,19.0,100,1900.0,B
BHP.AX,2005-07-22,19.09,100,1909.0,B
BHP.AX,2005-07-25,19.22,100,1921.9999,S
BHP.AX,2005-07-26,19.19,100,1919.0,S
BHP.AX,2005-08-16,20.9,100,2090.0,S
BHP.AX,2005-08-17,20.55,100,2055.0,S
BHP.AX,2005-08-18,20.28,100,2028.0001,S
BHP.AX,2005-08-19,20.68,100,2068.0,B
BHP.AX,2005-08-22,21.22,100,2122.0,B
BHP.AX,2005-08-24,20.56,100,2056.0,S
BHP.AX,2005-08-25,19.9,100,1990.0,S
BHP.AX,2005-08-26,20.6,100,2060.0,B
BHP.AX,2005-08-30,20.47,100,2046.9999,B
BHP.AX,2005-08-31,20.46,100,2045.9999,S
BHP.AX,2005-09-01,20.93,100,2093.0,B
BHP.AX,2005-09-02,20.83,100,2083.0,S
BHP.AX,2005-09-05,20.46,100,2045.9999,S
BHP.AX,2005-09-06,20.25,100,2025.0,S
BHP.AX,2005-09-07,20.55,100,2055.0,B
BHP.AX,2005-09-09,20.19,100,2019.0,B
BHP.AX,2005-09-13,20.47,100,2046.9999,B
BHP.AX,2005-09-21,20.89,100,2089.0,S
BHP.AX,2005-09-26,21.86,100,2186.0,B
BHP.AX,2005-09-27,22.01,100,2201.0,S
BHP.AX,2005-09-30,22.25,100,2225.0,S
BHP.AX,2005-10-04,22.2,100,2220.0,S
BHP.AX,2005-10-05,21.45,100,2145.0,S
BHP.AX,2005-10-06,20.76,100,2076.0,S
BHP.AX,2005-10-10,20.72,100,2072.0,B
BHP.AX,2005-10-12,20.83,100,2083.0,B
BHP.AX,2005-10-13,20.47,100,2046.9999,S
BHP.AX,2005-10-17,20.05,100,2004.9999,S
BHP.AX,2005-10-18,20.75,100,2075.0,B
BHP.AX,2005-10-21,20.03,100,2003.0001,S
BHP.AX,2005-10-24,19.77,100,1977.0,B
BHP.AX,2005-10-25,20.09,100,2009.0,B
BHP.AX,2005-10-27,20.49,100,2049.0,B
BHP.AX,2005-10-28,20.1,100,2010.0,S
BHP.AX,2005-10-31,20.75,100,2075.0,B
BHP.AX,2005-11-07,21.09,100,2109.0,S
BHP.AX,2005-11-08,21.35,100,2135.0,B
BHP.AX,2005-11-09,21.03,100,2103.0,S
BHP.AX,2005-11-10,21.11,100,2111.0,B
BHP.AX,2005-11-14,21.6,100,2160.0,B
BHP.AX,2005-11-17,21.4,100,2140.0,S
BHP.AX,2005-11-18,21.85,100,2185.0,B
BHP.AX,2005-11-23,21.55,100,2155.0,S
BHP.AX,2005-11-24,21.86,100,2186.0,B
BHP.AX,2005-11-29,21.83,100,2183.0,S
BHP.AX,2005-12-01,21.5,100,2150.0,S
BHP.AX,2005-12-02,21.95,100,2195.0,B
BHP.AX,2005-12-07,21.85,100,2185.0,S
BHP.AX,2005-12-08,21.56,100,2156.0,S
BHP.AX,2005-12-09,21.8,100,2180.0,B
BHP.AX,2005-12-21,22.5,100,2250.0,B
BHP.AX,2005-12-28,22.59,100,2259.0,S
BHP.AX,2006-01-03,23.18,100,2318.0,B
BHP.AX,2006-01-06,23.35,100,2335.0,S
BHP.AX,2006-01-12,23.8,100,2380.0,S
BHP.AX,2006-01-19,24.45,100,2445.0,B
BHP.AX,2006-01-27,26.05,100,2605.0,B
BHP.AX,2006-01-31,25.8,100,2580.0,S
BHP.AX,2006-02-01,25.99,100,2599.0,S
BHP.AX,2006-02-02,25.5,100,2550.0,S
BHP.AX,2006-02-03,25.53,100,2553.0,B
BHP.AX,2006-02-08,24.37,100,2437.0,S
BHP.AX,2006-02-13,23.88,100,2388.0,B
BHP.AX,2006-02-16,24.29,100,2429.0,B
BHP.AX,2006-02-17,23.88,100,2388.0,S
BHP.AX,2006-02-20,24.54,100,2454.0,B
BHP.AX,2006-02-21,24.98,100,2498.0,B
BHP.AX,2006-02-24,24.55,100,2455.0,S
BHP.AX,2006-02-28,24.25,100,2425.0,S
BHP.AX,2006-03-01,24.03,100,2403.0,B
BHP.AX,2006-03-06,24.51,100,2451.0,B
BHP.AX,2006-03-07,24.0,100,2400.0,S
BHP.AX,2006-03-13,23.93,100,2393.0,B
BHP.AX,2006-03-14,23.64,100,2364.0,S
BHP.AX,2006-03-15,23.9,100,2390.0,B
BHP.AX,2006-03-17,24.7,100,2470.0,B
BHP.AX,2006-03-21,25.32,100,2532.0,S
BHP.AX,2006-03-27,26.78,100,2678.0,B
BHP.AX,2006-04-03,28.9,100,2890.0,B
BHP.AX,2006-04-06,29.82,100,2982.0,S
BHP.AX,2006-04-07,29.5,100,2950.0,S
BHP.AX,2006-04-11,30.24,100,3024.0,B
BHP.AX,2006-04-19,31.25,100,3125.0,B
BHP.AX,2006-04-20,31.0,100,3100.0,S
BHP.AX,2006-04-21,30.1,100,3010.0,S
BHP.AX,2006-04-28,29.3,100,2930.0,S
BHP.AX,2006-05-01,30.47,100,3047.0,B
BHP.AX,2006-05-02,30.38,100,3038.0,B
BHP.AX,2006-05-03,30.75,100,3075.0,B
BHP.AX,2006-05-04,29.65,100,2965.0,S
BHP.AX,2006-05-05,30.3,100,3030.0,B
BHP.AX,2006-05-08,31.39,100,3139.0,B
BHP.AX,2006-05-09,31.0,100,3100.0,B
BHP.AX,2006-05-15,30.65,100,3065.0,S
BHP.AX,2006-05-16,29.93,100,2993.0,S
BHP.AX,2006-05-22,27.89,100,2789.0,S
BHP.AX,2006-05-23,27.49,100,2749.0,B
BHP.AX,2006-05-24,28.29,100,2829.0,B
BHP.AX,2006-05-26,28.55,100,2855.0,B
BHP.AX,2006-05-30,29.33,100,2933.0,B
BHP.AX,2006-05-31,28.23,100,2823.0,S
BHP.AX,2006-06-01,28.65,100,2865.0,S
BHP.AX,2006-06-05,28.85,100,2885.0,B
BHP.AX,2006-06-06,28.02,100,2802.0,S
BHP.AX,2006-06-08,26.55,100,2655.0,S
BHP.AX,2006-06-09,26.73,100,2673.0,B
BHP.AX,2006-06-13,25.25,100,2525.0,S
BHP.AX,2006-06-14,25.62,100,2562.0,B
BHP.AX,2006-06-16,27.43,100,2743.0,B
BHP.AX,2006-06-19,26.8,100,2680.0,S
BHP.AX,2006-06-20,26.16,100,2616.0,S
BHP.AX,2006-06-21,26.98,100,2698.0,S
BHP.AX,2006-06-22,28.0,100,2800.0,B
BHP.AX,2006-06-26,27.74,100,2774.0,S
BHP.AX,2006-06-27,28.1,100,2810.0,S
BHP.AX,2006-06-30,29.0,100,2900.0,B
BHP.AX,2006-07-03,29.27,100,2927.0,B
BHP.AX,2006-07-04,29.19,100,2919.0,S
BHP.AX,2006-07-05,28.8,100,2880.0,S
BHP.AX,2006-07-14,28.07,100,2807.0,S
BHP.AX,2006-07-17,27.98,100,2798.0,S
BHP.AX,2006-07-19,27.23,100,2723.0,B
BHP.AX,2006-07-20,28.8,100,2880.0,B
BHP.AX,2006-07-24,27.32,100,2732.0,S
BHP.AX,2006-07-25,27.83,100,2783.0,S
BHP.AX,2006-07-26,27.7,100,2770.0,B
BHP.AX,2006-07-27,28.11,100,2811.0,B
BHP.AX,2006-07-28,27.7,100,2770.0,S
BHP.AX,2006-08-01,27.6,100,2760.0,S
BHP.AX,2006-08-03,27.96,100,2796.0,B
BHP.AX,2006-08-08,27.8,100,2780.0,S
BHP.AX,2006-08-14,27.19,100,2719.0,B
BHP.AX,2006-08-17,27.9,100,2790.0,B
BHP.AX,2006-08-18,28.1,100,2810.0,B
BHP.AX,2006-08-23,28.39,100,2839.0,S
BHP.AX,2006-08-24,27.51,100,2751.0,S
BHP.AX,2006-08-25,27.4,100,2740.0,S
BHP.AX,2006-08-29,27.74,100,2774.0,B
BHP.AX,2006-09-08,27.07,100,2707.0,S
BHP.AX,2006-09-11,26.13,100,2613.0,S
BHP.AX,2006-09-12,24.65,100,2465.0,S
BHP.AX,2006-09-13,25.05,100,2505.0,B
BHP.AX,2006-09-14,25.6,100,2560.0,B
BHP.AX,2006-09-15,25.02,100,2502.0,B
BHP.AX,2006-09-19,25.16,100,2516.0,S
BHP.AX,2006-09-27,25.15,100,2515.0,B
BHP.AX,2006-09-28,25.38,100,2538.0,B
BHP.AX,2006-09-29,25.63,100,2563.0,B
BHP.AX,2006-10-02,25.85,100,2585.0,S
BHP.AX,2006-10-04,24.76,100,2476.0,S
BHP.AX,2006-10-09,25.1,100,2510.0,B
BHP.AX,2006-10-16,27.35,100,2735.0,B
BHP.AX,2006-10-19,27.18,100,2718.0,S
BHP.AX,2006-10-20,27.75,100,2775.0,B
BHP.AX,2006-10-31,27.28,100,2728.0,S
BHP.AX,2006-11-01,27.52,100,2752.0,B
BHP.AX,2006-11-03,27.45,100,2745.0,B
BHP.AX,2006-11-07,28.23,100,2823.0,B
BHP.AX,2006-11-13,26.84,100,2684.0,S
BHP.AX,2006-11-15,26.5,100,2650.0,S
BHP.AX,2006-11-16,26.52,100,2652.0,B
BHP.AX,2006-11-22,26.43,100,2643.0,B
BHP.AX,2006-11-27,26.22,100,2622.0,S
BHP.AX,2006-12-06,26.71,100,2671.0,B
BHP.AX,2006-12-08,25.96,100,2596.0,S
BHP.AX,2006-12-14,25.9,100,2590.0,B
BHP.AX,2006-12-15,26.02,100,2602.0,B
BHP.AX,2006-12-19,25.32,100,2532.0,S
BHP.AX,2006-12-27,25.04,100,2504.0,S
BHP.AX,2006-12-28,25.28,100,2528.0,B
BHP.AX,2007-01-04,24.37,100,2437.0,S
BHP.AX,2007-01-05,24.14,100,2414.0,S
BHP.AX,2007-01-09,24.7,100,2470.0,B
BHP.AX,2007-01-10,24.01,100,2401.0,S
BHP.AX,2007-01-11,24.62,100,2462.0,B
BHP.AX,2007-01-15,25.25,100,2525.0,B
BHP.AX,2007-01-16,24.88,100,2488.0,S
BHP.AX,2007-01-17,24.52,100,2452.0,S
BHP.AX,2007-01-19,24.8,100,2480.0,B
BHP.AX,2007-01-22,25.33,100,2533.0,B
BHP.AX,2007-01-24,25.9,100,2590.0,B
BHP.AX,2007-01-30,25.99,100,2599.0,S
BHP.AX,2007-02-02,26.59,100,2659.0,B
BHP.AX,2007-02-07,28.24,100,2824.0,B
BHP.AX,2007-02-12,28.59,100,2859.0,S
BHP.AX,2007-02-13,28.56,100,2856.0,B
BHP.AX,2007-02-26,29.32,100,2932.0,B
BHP.AX,2007-02-28,27.13,100,2713.0,S
BHP.AX,2007-03-05,26.34,100,2634.0,B
BHP.AX,2007-03-06,27.06,100,2706.0,B
BHP.AX,2007-03-07,27.43,100,2743.0,B
BHP.AX,2007-03-08,27.42,100,2742.0,B
BHP.AX,2007-03-09,27.47,100,2747.0,S
BHP.AX,2007-03-14,26.88,100,2688.0,S
BHP.AX,2007-03-19,28.35,100,2835.0,B
BHP.AX,2007-03-26,30.04,100,3004.0,B
BHP.AX,2007-03-27,29.8,100,2980.0,S
BHP.AX,2007-03-29,29.82,100,2982.0,S
BHP.AX,2007-04-04,30.64,100,3064.0,B
BHP.AX,2007-04-10,30.48,100,3048.0,S
BHP.AX,2007-04-13,29.85,100,2985.0,S
BHP.AX,2007-04-18,30.4,100,3040.0,B
BHP.AX,2007-04-19,29.62,100,2962.0,S
BHP.AX,2007-04-20,29.85,100,2985.0,B
BHP.AX,2007-04-24,30.01,100,3001.0,B
BHP.AX,2007-04-27,29.39,100,2939.0,S
BHP.AX,2007-05-01,29.15,100,2915.0,S
BHP.AX,2007-05-02,29.76,100,2976.0,B
BHP.AX,2007-05-04,30.6,100,3060.0,B
BHP.AX,2007-05-08,31.18,100,3118.0,S
BHP.AX,2007-05-10,31.8,100,3180.0,S
BHP.AX,2007-05-15,30.65,100,3065.0,S
BHP.AX,2007-05-16,30.94,100,3094.0,B
BHP.AX,2007-05-23,31.37,100,3137.0,B
BHP.AX,2007-05-24,31.0,100,3100.0,S
BHP.AX,2007-05-25,30.66,100,3066.0,S
BHP.AX,2007-05-29,31.7,100,3170.0,B
BHP.AX,2007-06-04,32.85,100,3284.9998,B
BHP.AX,2007-06-06,33.06,100,3306.0002,S
BHP.AX,2007-06-07,32.93,100,3293.0,S
BHP.AX,2007-06-14,33.9,100,3390.0002,B
BHP.AX,2007-06-18,34.68,100,3468.0,B
BHP.AX,2007-06-19,34.92,100,3491.9998,S
BHP.AX,2007-06-26,34.81,100,3481.0002,S
BHP.AX,2007-06-27,34.2,100,3420.0,S
BHP.AX,2007-06-28,34.89,100,3489.0,B
BHP.AX,2007-07-02,35.05,100,3505.0,B
BHP.AX,2007-07-05,37.1,100,3709.9998,B
BHP.AX,2007-07-09,38.83,100,3883.0002,B
BHP.AX,2007-07-10,38.46,100,3846.0,S
BHP.AX,2007-07-11,37.8,100,3780.0,S
BHP.AX,2007-07-13,39.16,100,3916.0,B
BHP.AX,2007-07-17,38.19,100,3818.9998,S
BHP.AX,2007-07-18,37.43,100,3743.0,S
BHP.AX,2007-07-19,37.68,100,3768.0,B
BHP.AX,2007-07-20,38.4,100,3840.0002,B
BHP.AX,2007-07-23,38.28,100,3828.0,B
BHP.AX,2007-07-25,38.05,100,3805.0,S
BHP.AX,2007-07-26,37.3,100,3730.0,S
BHP.AX,2007-07-27,35.97,100,3597.0,S
BHP.AX,2007-07-30,36.79,100,3679.0,B
BHP.AX,2007-07-31,37.0,100,3700.0,B
BHP.AX,2007-08-09,36.66,100,3666.0,B
BHP.AX,2007-08-10,34.66,100,3466.0,S
BHP.AX,2007-08-16,33.0,100,3300.0,S
BHP.AX,2007-08-20,34.9,100,3490.0002,B
BHP.AX,2007-08-21,35.5,100,3550.0,B
BHP.AX,2007-08-24,36.6,100,3659.9998,S
BHP.AX,2007-08-27,37.57,100,3757.0,B
BHP.AX,2007-08-28,37.51,100,3750.9998,S
BHP.AX,2007-08-29,37.06,100,3706.0002,B
BHP.AX,2007-08-31,38.42,100,3841.9998,B
BHP.AX,2007-09-03,38.57,100,3857.0,B
BHP.AX,2007-09-04,38.58,100,3858.0002,S
BHP.AX,2007-09-05,38.44,100,3843.9998,S
BHP.AX,2007-09-07,39.75,100,3975.0,B
BHP.AX,2007-09-10,38.3,100,3830.0,S
BHP.AX,2007-09-12,38.5,100,3850.0,S
BHP.AX,2007-09-13,38.65,100,3865.0002,B
BHP.AX,2007-09-14,39.4,100,3940.0002,B
BHP.AX,2007-09-17,38.82,100,3882.0,S
BHP.AX,2007-09-19,40.44,100,4043.9998,B
BHP.AX,2007-09-20,41.01,100,4101.0,B
BHP.AX,2007-09-25,44.6,100,4460.0,B
BHP.AX,2007-09-26,43.16,100,4316.0,S
BHP.AX,2007-09-27,43.52,100,4352.0,S
BHP.AX,2007-10-01,44.5,100,4450.0,B
BHP.AX,2007-10-02,46.05,100,4605.0,B
BHP.AX,2007-10-03,45.2,100,4520.0,S
BHP.AX,2007-10-04,43.75,100,4375.0,S
BHP.AX,2007-10-05,44.1,100,4410.0,S
BHP.AX,2007-10-08,44.69,100,4469.0,B
BHP.AX,2007-10-09,44.48,100,4448.0,B
BHP.AX,2007-10-15,46.5,100,4650.0,S
BHP.AX,2007-10-18,47.7,100,4770.0,B
BHP.AX,2007-10-22,45.92,100,4592.0,S
BHP.AX,2007-10-23,46.0,100,4600.0,S
BHP.AX,2007-10-26,45.76,100,4576.0,B
BHP.AX,2007-10-29,47.3,100,4730.0,B
BHP.AX,2007-10-31,46.1,100,4610.0,S
BHP.AX,2007-11-01,46.9,100,4690.0,S
BHP.AX,2007-11-02,45.0,100,4500.0,S
BHP.AX,2007-11-07,44.86,100,4486.0,B
BHP.AX,2007-11-09,42.47,100,4247.0,S
BHP.AX,2007-11-12,41.7,100,4170.0,S
BHP.AX,2007-11-13,41.8,100,4180.0,B
BHP.AX,2007-11-14,42.2,100,4220.0,B
BHP.AX,2007-11-21,41.05,100,4105.0,B
BHP.AX,2007-11-22,40.44,100,4043.9998,S
BHP.AX,2007-11-23,40.27,100,4027.0,B
BHP.AX,2007-11-26,42.11,100,4211.0,B
BHP.AX,2007-11-29,42.0,100,4200.0,S
BHP.AX,2007-11-30,42.98,100,4298.0,B
BHP.AX,2007-12-03,43.2,100,4320.0,B
BHP.AX,2007-12-04,43.1,100,4310.0,S
BHP.AX,2007-12-05,42.7,100,4270.0,S
BHP.AX,2007-12-12,43.2,100,4320.0,S
BHP.AX,2007-12-14,42.05,100,4205.0,S
BHP.AX,2007-12-17,40.37,100,4037.0,S
BHP.AX,2007-12-19,40.05,100,4005.0,B
BHP.AX,2007-12-20,39.5,100,3950.0,B
BHP.AX,2007-12-24,40.52,100,4052.0,B
BHP.AX,2007-12-27,41.1,100,4110.0,B
BHP.AX,2007-12-28,40.51,100,4050.9998,S
BHP.AX,2007-12-31,40.14,100,4014.0,S
BHP.AX,2008-01-04,40.85,100,4084.9998,B
BHP.AX,2008-01-07,40.02,100,4002.0,S
BHP.AX,2008-01-08,39.0,100,3900.0,S
BHP.AX,2008-01-10,39.09,100,3909.0,B
BHP.AX,2008-01-17,36.5,100,3650.0,S
BHP.AX,2008-01-18,34.8,100,3480.0,S
BHP.AX,2008-01-22,31.0,100,3100.0,S
BHP.AX,2008-01-23,33.89,100,3389.0,B
BHP.AX,2008-01-24,34.82,100,3482.0,B
BHP.AX,2008-01-25,36.8,100,3680.0,B
BHP.AX,2008-01-29,35.7,100,3570.0,S
BHP.AX,2008-01-30,36.11,100,3611.0,S
BHP.AX,2008-01-31,37.05,100,3705.0,S
BHP.AX,2008-02-01,38.55,100,3855.0,B
BHP.AX,2008-02-05,39.65,100,3965.0002,S
BHP.AX,2008-02-06,36.66,100,3666.0,S
BHP.AX,2008-02-08,36.14,100,3614.0,S
BHP.AX,2008-02-11,35.85,100,3584.9998,B
BHP.AX,2008-02-12,36.91,100,3691.0,B
BHP.AX,2008-02-13,37.35,100,3734.9998,B
BHP.AX,2008-02-14,39.03,100,3903.0,B
BHP.AX,2008-02-15,39.29,100,3929.0,S
BHP.AX,2008-02-18,38.96,100,3896.0,S
BHP.AX,2008-02-19,39.7,100,3970.0,S
BHP.AX,2008-02-20,38.69,100,3868.9998,S
BHP.AX,2008-02-21,39.0,100,3900.0,B
BHP.AX,2008-03-03,38.59,100,3859.0,S
BHP.AX,2008-03-06,39.8,100,3980.0,B
BHP.AX,2008-03-07,38.88,100,3888.0,S
BHP.AX,2008-03-10,37.3,100,3730.0,S
BHP.AX,2008-03-11,35.59,100,3559.0,S
BHP.AX,2008-03-12,36.8,100,3680.0,B
BHP.AX,2008-03-13,36.38,100,3638.0,B
BHP.AX,2008-03-14,37.92,100,3791.9998,B
BHP.AX,2008-03-17,37.5,100,3750.0,S
BHP.AX,2008-03-18,35.7,100,3570.0,S
BHP.AX,2008-03-20,33.87,100,3387.0,S
BHP.AX,2008-03-25,34.41,100,3441.0,B
BHP.AX,2008-03-27,35.76,100,3575.9998,B
BHP.AX,2008-03-31,35.81,100,3581.0002,S
BHP.AX,2008-04-03,38.09,100,3809.0,B
BHP.AX,2008-04-07,40.55,100,4055.0,B
BHP.AX,2008-04-08,40.4,100,4040.0002,S
BHP.AX,2008-04-09,41.91,100,4191.0,B
BHP.AX,2008-04-10,42.0,100,4200.0,S
BHP.AX,2008-04-14,41.65,100,4165.0,S
BHP.AX,2008-04-17,43.39,100,4339.0,B
BHP.AX,2008-04-18,42.42,100,4242.0,S
BHP.AX,2008-04-21,43.99,100,4399.0,B
BHP.AX,2008-04-22,43.52,100,4352.0,S
BHP.AX,2008-04-23,45.1,100,4510.0,B
BHP.AX,2008-04-24,44.9,100,4490.0,S
BHP.AX,2008-04-28,43.6,100,4360.0,S
BHP.AX,2008-04-29,43.89,100,4389.0,S
BHP.AX,2008-04-30,42.27,100,4227.0,S
BHP.AX,2008-05-01,42.9,100,4290.0,B
BHP.AX,2008-05-05,44.12,100,4412.0,B
BHP.AX,2008-05-08,44.95,100,4495.0,S
BHP.AX,2008-05-09,46.5,100,4650.0,B
BHP.AX,2008-05-14,48.56,100,4856.0,B
BHP.AX,2008-05-15,47.98,100,4798.0,S
BHP.AX,2008-05-16,48.7,100,4870.0,B
BHP.AX,2008-05-19,49.55,100,4955.0,S
BHP.AX,2008-05-21,46.87,100,4687.0,S
BHP.AX,2008-05-26,46.66,100,4666.0,B
BHP.AX,2008-05-27,46.7,100,4670.0,S
BHP.AX,2008-05-28,45.1,100,4510.0,S
BHP.AX,2008-05-29,46.02,100,4602.0,B
BHP.AX,2008-05-30,43.5,100,4350.0,S
BHP.AX,2008-06-02,45.49,100,4549.0,B
BHP.AX,2008-06-03,44.52,100,4452.0,S
BHP.AX,2008-06-04,44.44,100,4444.0,B
BHP.AX,2008-06-05,42.5,100,4250.0,S
BHP.AX,2008-06-06,44.0,100,4400.0,B
BHP.AX,2008-06-11,43.44,100,4344.0,B
BHP.AX,2008-06-12,41.8,100,4180.0,S
BHP.AX,2008-06-13,43.04,100,4304.0,B
BHP.AX,2008-06-17,44.93,100,4493.0,B
BHP.AX,2008-06-18,45.32,100,4532.0,S
BHP.AX,2008-06-19,44.99,100,4499.0,S
BHP.AX,2008-06-20,44.65,100,4465.0,S
BHP.AX,2008-06-24,45.88,100,4588.0,B
BHP.AX,2008-06-25,43.72,100,4372.0,S
BHP.AX,2008-06-27,42.89,100,4289.0,S
BHP.AX,2008-06-30,43.7,100,4370.0,B
BHP.AX,2008-07-03,39.82,100,3982.0,S
BHP.AX,2008-07-08,39.5,100,3950.0,B
BHP.AX,2008-07-11,40.35,100,4034.9998,B
BHP.AX,2008-07-14,39.86,100,3986.0,S
BHP.AX,2008-07-15,39.36,100,3936.0,B
BHP.AX,2008-07-16,39.29,100,3929.0,S
BHP.AX,2008-07-17,37.55,100,3755.0,S
BHP.AX,2008-07-21,38.2,100,3820.0,B
BHP.AX,2008-07-22,39.0,100,3900.0,B
BHP.AX,2008-07-24,37.55,100,3755.0,S
BHP.AX,2008-07-25,36.92,100,3691.9998,S
BHP.AX,2008-07-28,38.0,100,3800.0,B
BHP.AX,2008-07-29,38.25,100,3825.0,B
BHP.AX,2008-07-30,39.26,100,3925.9998,B
BHP.AX,2008-07-31,39.71,100,3971.0,S
BHP.AX,2008-08-01,39.11,100,3911.0,S
BHP.AX,2008-08-04,38.35,100,3834.9998,S
BHP.AX,2008-08-05,35.82,100,3582.0,S
BHP.AX,2008-08-06,37.22,100,3722.0,B
BHP.AX,2008-08-07,37.19,100,3718.9998,B
BHP.AX,2008-08-08,37.15,100,3715.0002,B
BHP.AX,2008-08-11,36.47,100,3647.0,S
BHP.AX,2008-08-12,37.21,100,3721.0,B
BHP.AX,2008-08-14,38.7,100,3870.0,B
BHP.AX,2008-08-15,37.98,100,3798.0,S
BHP.AX,2008-08-18,38.6,100,3859.9998,B
BHP.AX,2008-08-19,37.0,100,3700.0,S
BHP.AX,2008-08-20,38.73,100,3873.0,B
BHP.AX,2008-08-22,40.15,100,4015.0002,B
BHP.AX,2008-08-25,40.0,100,4000.0,S
BHP.AX,2008-08-27,40.89,100,4089.0,S
BHP.AX,2008-08-28,41.75,100,4175.0,B
BHP.AX,2008-08-29,41.4,100,4140.0,S
BHP.AX,2008-09-02,39.29,100,3929.0,S
BHP.AX,2008-09-03,37.95,100,3795.0,S
BHP.AX,2008-09-05,37.0,100,3700.0,B
BHP.AX,2008-09-08,37.6,100,3759.9998,B
BHP.AX,2008-09-09,36.05,100,3605.0,S
BHP.AX,2008-09-10,34.8,100,3480.0,S
BHP.AX,2008-09-11,34.47,100,3447.0,S
BHP.AX,2008-09-12,36.0,100,3600.0,B
BHP.AX,2008-09-15,36.05,100,3605.0,B
BHP.AX,2008-09-16,36.4,100,3640.0002,B
BHP.AX,2008-09-17,35.65,100,3565.0002,S
BHP.AX,2008-09-18,35.0,100,3500.0,S
BHP.AX,2008-09-22,39.7,100,3970.0,B
BHP.AX,2008-09-23,37.9,100,3790.0002,S
BHP.AX,2008-09-25,36.4,100,3640.0002,S
BHP.AX,2008-09-26,35.84,100,3584.0,B
BHP.AX,2008-09-29,34.24,100,3424.0002,S
BHP.AX,2008-09-30,31.0,100,3100.0,S
BHP.AX,2008-10-01,32.75,100,3275.0,B
BHP.AX,2008-10-03,30.42,100,3042.0,B
BHP.AX,2008-10-06,29.79,100,2979.0,S
BHP.AX,2008-10-07,31.7,100,3170.0,B
BHP.AX,2008-10-08,29.9,100,2990.0,S
BHP.AX,2008-10-09,29.84,100,2984.0,B
BHP.AX,2008-10-10,27.74,100,2774.0,S
BHP.AX,2008-10-13,30.0,100,3000.0,B
BHP.AX,2008-10-14,31.0,100,3100.0,B
BHP.AX,2008-10-15,29.7,100,2970.0,B
BHP.AX,2008-10-16,25.8,100,2580.0,S
BHP.AX,2008-10-17,24.59,100,2459.0,S
BHP.AX,2008-10-20,26.49,100,2649.0,B
BHP.AX,2008-10-21,29.31,100,2931.0,B
BHP.AX,2008-10-22,27.25,100,2725.0,S
BHP.AX,2008-10-23,24.7,100,2470.0,S
BHP.AX,2008-10-24,24.38,100,2438.0,S
BHP.AX,2008-10-27,24.6,100,2460.0,B
BHP.AX,2008-10-28,25.36,100,2536.0,B
BHP.AX,2008-10-29,26.3,100,2630.0,B
BHP.AX,2008-10-30,28.6,100,2860.0,B
BHP.AX,2008-10-31,27.99,100,2799.0,S
BHP.AX,2008-11-03,29.9,100,2990.0,B
BHP.AX,2008-11-04,29.12,100,2912.0,S
BHP.AX,2008-11-05,31.6,100,3160.0,B
BHP.AX,2008-11-06,29.2,100,2920.0,S
BHP.AX,2008-11-07,27.93,100,2793.0,S
BHP.AX,2008-11-11,28.8,100,2880.0,B
BHP.AX,2008-11-12,28.3,100,2830.0,B
BHP.AX,2008-11-13,25.0,100,2500.0,S
BHP.AX,2008-11-14,26.4,100,2640.0,B
BHP.AX,2008-11-17,25.1,100,2510.0,S
BHP.AX,2008-11-18,24.2,100,2420.0,B
BHP.AX,2008-11-19,23.2,100,2320.0,S
BHP.AX,2008-11-20,21.1,100,2110.0,S
BHP.AX,2008-11-21,21.9,100,2190.0,B
BHP.AX,2008-11-24,23.38,100,2338.0,B
BHP.AX,2008-11-25,26.22,100,2622.0,B
BHP.AX,2008-11-28,31.0,100,3100.0,S
BHP.AX,2008-12-01,29.9,100,2990.0,S
BHP.AX,2008-12-02,27.03,100,2703.0,S
BHP.AX,2008-12-03,27.81,100,2781.0,S
BHP.AX,2008-12-04,27.5,100,2750.0,B
BHP.AX,2008-12-05,26.15,100,2615.0,B
BHP.AX,2008-12-09,28.45,100,2845.0,B
BHP.AX,2008-12-10,30.36,100,3036.0,B
BHP.AX,2008-12-11,30.2,100,3020.0,S
BHP.AX,2008-12-12,28.82,100,2882.0,S
BHP.AX,2008-12-17,30.95,100,3095.0,B
BHP.AX,2008-12-18,31.0,100,3100.0,S
BHP.AX,2008-12-19,29.92,100,2992.0,S
BHP.AX,2008-12-22,29.64,100,2964.0,S
BHP.AX,2008-12-23,28.49,100,2849.0,S
BHP.AX,2008-12-24,28.84,100,2884.0,B
BHP.AX,2008-12-30,29.65,100,2965.0,B
BHP.AX,2009-01-06,31.7,100,3170.0,S
BHP.AX,2009-01-07,32.6,100,3259.9998,B
BHP.AX,2009-01-08,30.75,100,3075.0,S
BHP.AX,2009-01-09,31.7,100,3170.0,B
BHP.AX,2009-01-12,30.83,100,3083.0,S
BHP.AX,2009-01-13,30.43,100,3043.0,B
BHP.AX,2009-01-15,28.9,100,2890.0,S
BHP.AX,2009-01-16,29.88,100,2988.0,B
BHP.AX,2009-01-20,28.95,100,2895.0,B
BHP.AX,2009-01-21,28.66,100,2866.0,S
BHP.AX,2009-01-27,29.33,100,2933.0,B
BHP.AX,2009-01-29,30.65,100,3065.0,B
BHP.AX,2009-01-30,30.5,100,3050.0,S
BHP.AX,2009-02-02,30.0,100,3000.0,S
BHP.AX,2009-02-03,29.78,100,2978.0,S
BHP.AX,2009-02-05,31.62,100,3162.0,B
BHP.AX,2009-02-06,32.23,100,3223.0,B
BHP.AX,2009-02-09,33.34,100,3334.0,B
BHP.AX,2009-02-10,33.35,100,3334.9998,S
BHP.AX,2009-02-11,32.37,100,3237.0,S
BHP.AX,2009-02-12,32.47,100,3247.0,S
BHP.AX,2009-02-17,31.72,100,3172.0,S
BHP.AX,2009-02-18,30.31,100,3031.0,S
BHP.AX,2009-02-20,30.51,100,3051.0,B
BHP.AX,2009-02-26,28.6,100,2860.0,B
BHP.AX,2009-02-27,28.83,100,2883.0,B
BHP.AX,2009-03-02,27.95,100,2795.0,S
BHP.AX,2009-03-05,28.31,100,2831.0,B
BHP.AX,2009-03-09,29.12,100,2912.0,B
BHP.AX,2009-03-10,29.28,100,2928.0,S
BHP.AX,2009-03-11,30.5,100,3050.0,B
BHP.AX,2009-03-12,30.35,100,3035.0,S
BHP.AX,2009-03-13,31.66,100,3166.0,B
BHP.AX,2009-03-16,31.0,100,3100.0,S
BHP.AX,2009-03-17,31.9,100,3190.0,B
BHP.AX,2009-03-18,31.08,100,3108.0,S
BHP.AX,2009-03-19,31.25,100,3125.0,B
BHP.AX,2009-03-23,33.32,100,3332.0,B
BHP.AX,2009-03-25,33.26,100,3325.9998,S
BHP.AX,2009-03-26,33.78,100,3378.0,S
BHP.AX,2009-03-30,32.55,100,3255.0,S
BHP.AX,2009-03-31,31.91,100,3191.0,S
BHP.AX,2009-04-02,33.38,100,3338.0,B
BHP.AX,2009-04-03,34.6,100,3459.9998,B
BHP.AX,2009-04-06,34.0,100,3400.0,S
BHP.AX,2009-04-07,32.7,100,3270.0,S
BHP.AX,2009-04-08,31.78,100,3178.0,S
BHP.AX,2009-04-09,32.45,100,3245.0,B
BHP.AX,2009-04-14,33.04,100,3304.0,B
BHP.AX,2009-04-15,33.54,100,3354.0,B
BHP.AX,2009-04-16,33.21,100,3321.0,S
BHP.AX,2009-04-20,32.88,100,3288.0,S
BHP.AX,2009-04-21,31.56,100,3156.0,S
BHP.AX,2009-04-23,32.48,100,3248.0,B
BHP.AX,2009-04-24,32.05,100,3205.0,B
BHP.AX,2009-04-28,32.08,100,3208.0002,S
BHP.AX,2009-04-29,32.27,100,3227.0,B
BHP.AX,2009-04-30,33.27,100,3327.0,B
BHP.AX,2009-05-04,33.82,100,3382.0,B
BHP.AX,2009-05-07,35.69,100,3568.9998,B
BHP.AX,2009-05-08,35.31,100,3531.0002,S
BHP.AX,2009-05-11,35.28,100,3528.0,B
BHP.AX,2009-05-12,34.31,100,3431.0002,S
BHP.AX,2009-05-14,32.3,100,3230.0,S
BHP.AX,2009-05-15,33.34,100,3334.0,B
BHP.AX,2009-05-18,32.9,100,3290.0002,S
BHP.AX,2009-05-19,33.86,100,3386.0,B
BHP.AX,2009-05-20,34.2,100,3420.0,S
BHP.AX,2009-05-21,34.4,100,3440.0002,B
BHP.AX,2009-05-22,33.46,100,3346.0,S
BHP.AX,2009-05-27,34.65,100,3465.0002,B
BHP.AX,2009-05-28,34.02,100,3402.0,S
BHP.AX,2009-06-01,35.74,100,3574.0002,B
BHP.AX,2009-06-02,36.7,100,3670.0,B
BHP.AX,2009-06-04,35.11,100,3511.0,S
BHP.AX,2009-06-05,38.18,100,3818.0,B
BHP.AX,2009-06-09,36.5,100,3650.0,S
BHP.AX,2009-06-10,37.7,100,3770.0,B
BHP.AX,2009-06-11,38.27,100,3827.0,S
BHP.AX,2009-06-12,38.04,100,3804.0,B
BHP.AX,2009-06-15,37.0,100,3700.0,S
BHP.AX,2009-06-16,36.46,100,3646.0,S
BHP.AX,2009-06-17,35.66,100,3566.0,S
BHP.AX,2009-06-22,35.25,100,3525.0,B
BHP.AX,2009-06-26,34.18,100,3418.0,B
BHP.AX,2009-07-02,34.3,100,3430.0,B
BHP.AX,2009-07-03,33.43,100,3343.0,S
BHP.AX,2009-07-07,32.25,100,3225.0,S
BHP.AX,2009-07-08,32.14,100,3214.0,B
BHP.AX,2009-07-09,32.29,100,3229.0,B
BHP.AX,2009-07-10,32.65,100,3265.0002,B
BHP.AX,2009-07-14,33.79,100,3379.0,B
BHP.AX,2009-07-16,34.91,100,3491.0,B
BHP.AX,2009-07-17,35.2,100,3520.0,S
BHP.AX,2009-07-23,37.1,100,3709.9998,S
BHP.AX,2009-07-29,37.43,100,3743.0,S
BHP.AX,2009-07-30,37.15,100,3715.0002,S
BHP.AX,2009-08-03,38.07,100,3807.0,B
BHP.AX,2009-08-04,38.84,100,3884.0,B
BHP.AX,2009-08-05,38.15,100,3815.0002,S
BHP.AX,2009-08-07,38.0,100,3800.0,S
BHP.AX,2009-08-11,37.6,100,3759.9998,S
BHP.AX,2009-08-12,37.99,100,3799.0002,B
BHP.AX,2009-08-17,37.13,100,3713.0,S
BHP.AX,2009-08-20,37.13,100,3713.0,B
BHP.AX,2009-08-21,36.61,100,3661.0,S
BHP.AX,2009-08-24,38.18,100,3818.0,B
BHP.AX,2009-08-25,37.8,100,3780.0,S
BHP.AX,2009-08-26,38.15,100,3815.0002,B
BHP.AX,2009-08-27,37.65,100,3765.0002,S
BHP.AX,2009-08-31,36.8,100,3680.0,S
BHP.AX,2009-09-01,37.29,100,3729.0,B
BHP.AX,2009-09-02,36.64,100,3664.0,S
BHP.AX,2009-09-03,36.7,100,3670.0,B
BHP.AX,2009-09-07,36.78,100,3678.0,B
BHP.AX,2009-09-08,37.58,100,3758.0002,B
BHP.AX,2009-09-17,39.59,100,3959.0,B
BHP.AX,2009-09-18,38.7,100,3870.0,S
BHP.AX,2009-09-21,38.08,100,3808.0002,S
BHP.AX,2009-09-22,38.0,100,3800.0,S
BHP.AX,2009-09-23,38.35,100,3834.9998,B
BHP.AX,2009-09-28,37.1,100,3709.9998,S
BHP.AX,2009-09-29,37.99,100,3799.0002,B
BHP.AX,2009-10-02,36.2,100,3620.0,S
BHP.AX,2009-10-06,36.65,100,3665.0002,B
BHP.AX,2009-10-07,37.81,100,3781.0002,B
BHP.AX,2009-10-09,37.85,100,3784.9998,S
BHP.AX,2009-10-12,37.89,100,3789.0,S
BHP.AX,2009-10-27,38.85,100,3884.9998,S
BHP.AX,2009-10-28,38.4,100,3840.0002,S
BHP.AX,2009-10-29,37.13,100,3713.0,S
BHP.AX,2009-10-30,37.45,100,3745.0,B
BHP.AX,2009-11-03,36.74,100,3674.0002,B
BHP.AX,2009-11-06,37.4,100,3740.0002,B
BHP.AX,2009-11-10,38.49,100,3849.0002,B
BHP.AX,2009-11-13,39.01,100,3900.9998,S
BHP.AX,2009-11-18,40.6,100,4059.9998,B
BHP.AX,2009-11-19,40.85,100,4084.9998,S
BHP.AX,2009-11-20,40.03,100,4003.0,S
BHP.AX,2009-11-25,41.19,100,4119.0,B
BHP.AX,2009-11-27,40.39,100,4039.0,S
BHP.AX,2009-12-02,41.92,100,4192.0,B
BHP.AX,2009-12-04,41.4,100,4140.0,S
BHP.AX,2009-12-07,40.61,100,4061.0,S
BHP.AX,2009-12-15,41.1,100,4110.0,B
BHP.AX,2009-12-18,40.6,100,4059.9998,S
BHP.AX,2009-12-23,41.92,100,4192.0,B
BHP.AX,2010-01-12,43.49,100,4349.0,S
BHP.AX,2010-01-15,43.65,100,4365.0,B
BHP.AX,2010-01-19,43.31,100,4331.0,S
BHP.AX,2010-01-22,41.7,100,4170.0,S
BHP.AX,2010-01-28,40.7,100,4070.0,B
BHP.AX,2010-01-29,39.4,100,3940.0002,S
BHP.AX,2010-02-01,39.2,100,3920.0,B
BHP.AX,2010-02-02,40.46,100,4046.0,B
BHP.AX,2010-02-03,41.5,100,4150.0,B
BHP.AX,2010-02-05,39.55,100,3955.0,S
BHP.AX,2010-02-08,39.6,100,3959.9998,S
BHP.AX,2010-02-09,39.85,100,3984.9998,B
BHP.AX,2010-02-10,39.88,100,3988.0,B
BHP.AX,2010-02-24,40.88,100,4088.0,S
BHP.AX,2010-02-25,40.45,100,4045.0,S
BHP.AX,2010-02-26,41.1,100,4110.0,B
BHP.AX,2010-03-01,40.98,100,4098.0,B
BHP.AX,2010-03-04,42.28,100,4228.0,B
BHP.AX,2010-03-09,43.4,100,4340.0,S
BHP.AX,2010-03-11,43.01,100,4301.0,S
BHP.AX,2010-03-17,43.3,100,4330.0,B
BHP.AX,2010-03-22,42.59,100,4259.0,S
BHP.AX,2010-03-30,44.41,100,4441.0,B
BHP.AX,2010-03-31,43.59,100,4359.0,S
BHP.AX,2010-04-07,44.57,100,4457.0,B
BHP.AX,2010-04-08,43.75,100,4375.0,S
BHP.AX,2010-04-19,42.84,100,4284.0,S
BHP.AX,2010-05-07,37.5,100,3750.0,B
BHP.AX,2010-05-10,39.0,100,3900.0,B
BHP.AX,2010-05-13,38.82,100,3882.0,S
BHP.AX,2010-05-14,38.64,100,3864.0,B
BHP.AX,2010-05-17,36.89,100,3689.0,S
BHP.AX,2010-05-20,36.75,100,3675.0,B
BHP.AX,2010-05-24,37.8,100,3780.0,B
BHP.AX,2010-05-25,36.28,100,3628.0,S
BHP.AX,2010-05-26,37.26,100,3725.9998,B
BHP.AX,2010-05-28,38.97,100,3897.0,B
BHP.AX,2010-05-31,38.24,100,3824.0002,S
BHP.AX,2010-06-01,38.19,100,3818.9998,S
BHP.AX,2010-06-03,38.74,100,3874.0002,B
BHP.AX,2010-06-04,37.87,100,3787.0,S
BHP.AX,2010-06-07,36.54,100,3654.0,S
BHP.AX,2010-06-09,37.12,100,3712.0,B
BHP.AX,2010-06-10,37.62,100,3762.0,B
BHP.AX,2010-06-17,38.82,100,3882.0,S
BHP.AX,2010-06-23,39.14,100,3914.0,S
BHP.AX,2010-06-29,38.1,100,3809.9998,S
BHP.AX,2010-07-06,37.15,100,3715.0002,B
BHP.AX,2010-07-08,38.16,100,3816.0,B
BHP.AX,2010-07-13,37.62,100,3762.0,S
BHP.AX,2010-07-16,38.15,100,3815.0002,B
BHP.AX,2010-07-19,37.75,100,3775.0,S
BHP.AX,2010-07-20,38.3,100,3830.0,B
BHP.AX,2010-08-09,41.55,100,4155.0,B
BHP.AX,2010-08-10,40.73,100,4073.0,S
BHP.AX,2010-08-11,39.98,100,3998.0,S
BHP.AX,2010-08-12,39.64,100,3964.0,S
BHP.AX,2010-08-13,40.4,100,4040.0002,B
BHP.AX,2010-08-18,38.42,100,3841.9998,S
BHP.AX,2010-08-23,38.11,100,3811.0,B
BHP.AX,2010-08-30,37.87,100,3787.0,B
BHP.AX,2010-08-31,37.05,100,3705.0,S
BHP.AX,2010-09-01,37.91,100,3791.0,B
BHP.AX,2010-09-03,38.33,100,3833.0002,B
BHP.AX,2010-09-06,38.55,100,3855.0,S
BHP.AX,2010-09-13,38.56,100,3856.0002,B
BHP.AX,2010-09-16,38.75,100,3875.0,S
BHP.AX,2010-09-21,38.72,100,3872.0,B
BHP.AX,2010-09-30,38.91,100,3891.0,S
BHP.AX,2010-10-01,39.46,100,3946.0,B
BHP.AX,2010-10-12,40.74,100,4074.0002,S
BHP.AX,2010-10-15,41.65,100,4165.0,B
BHP.AX,2010-10-19,41.16,100,4116.0,S
BHP.AX,2010-10-21,41.22,100,4122.0,B
BHP.AX,2010-10-27,41.49,100,4149.0,S
BHP.AX,2010-11-01,42.3,100,4230.0,B
BHP.AX,2010-11-04,43.72,100,4372.0,B
BHP.AX,2010-11-05,45.27,100,4527.0,B
BHP.AX,2010-11-09,44.64,100,4464.0,S
BHP.AX,2010-11-10,44.14,100,4414.0,S
BHP.AX,2010-11-22,43.88,100,4388.0,B
BHP.AX,2010-11-23,43.14,100,4314.0,S
BHP.AX,2010-11-26,43.2,100,4320.0,B
BHP.AX,2010-12-02,44.33,100,4433.0,B
BHP.AX,2010-12-03,44.59,100,4459.0,B
BHP.AX,2010-12-22,45.82,100,4582.0,B
BHP.AX,2010-12-23,46.47,100,4647.0,B
BHP.AX,2010-12-24,46.04,100,4604.0,S
BHP.AX,2010-12-29,45.45,100,4545.0,S
BHP.AX,2011-01-04,45.45,100,4545.0,B
BHP.AX,2011-01-05,45.01,100,4501.0,S
BHP.AX,2011-01-06,45.14,100,4514.0,B
BHP.AX,2011-01-07,44.62,100,4462.0,S
BHP.AX,2011-01-12,45.2,100,4520.0,B
BHP.AX,2011-01-13,46.05,100,4605.0,B
BHP.AX,2011-01-17,45.3,100,4530.0,S
BHP.AX,2011-01-21,44.71,100,4471.0,S
BHP.AX,2011-01-25,45.05,100,4505.0,B
BHP.AX,2011-02-02,45.7,100,4570.0,B
BHP.AX,2011-02-03,46.32,100,4632.0,B
BHP.AX,2011-02-07,46.55,100,4655.0,S
BHP.AX,2011-02-11,46.38,100,4638.0,S
BHP.AX,2011-02-14,47.28,100,4728.0,B
BHP.AX,2011-02-17,46.64,100,4664.0,S
BHP.AX,2011-02-25,45.95,100,4595.0,S
BHP.AX,2011-03-01,46.37,100,4637.0,B
BHP.AX,2011-03-09,46.0,100,4600.0,S
BHP.AX,2011-03-16,43.57,100,4357.0,B
BHP.AX,2011-03-18,44.56,100,4456.0,B
BHP.AX,2011-03-23,44.2,100,4420.0,S
BHP.AX,2011-03-30,45.61,100,4561.0,B
BHP.AX,2011-03-31,46.56,100,4656.0,B
BHP.AX,2011-04-04,46.88,100,4688.0,S
BHP.AX,2011-04-11,49.55,100,4955.0,B
BHP.AX,2011-04-14,48.01,100,4801.0,S
BHP.AX,2011-04-20,47.23,100,4723.0,B
BHP.AX,2011-05-02,46.15,100,4615.0,B
BHP.AX,2011-05-11,45.3,100,4530.0,B
BHP.AX,2011-05-12,44.13,100,4413.0,S
BHP.AX,2011-05-16,43.52,100,4352.0,S
BHP.AX,2011-05-17,44.15,100,4415.0,B
BHP.AX,2011-05-19,44.82,100,4482.0,B
BHP.AX,2011-05-20,44.05,100,4405.0,S
BHP.AX,2011-05-23,43.29,100,4329.0,S
BHP.AX,2011-05-26,43.91,100,4391.0,B
BHP.AX,2011-06-02,43.55,100,4355.0,S
BHP.AX,2011-06-03,43.23,100,4323.0,S
BHP.AX,2011-06-07,42.96,100,4296.0,B
BHP.AX,2011-06-16,42.0,100,4200.0,S
BHP.AX,2011-06-21,42.0,100,4200.0,B
BHP.AX,2011-06-30,43.8,100,4380.0,B
BHP.AX,2011-07-11,44.3,100,4430.0,S
BHP.AX,2011-07-12,43.46,100,4346.0,S
BHP.AX,2011-07-20,43.44,100,4344.0,B
BHP.AX,2011-07-25,43.06,100,4306.0,S
BHP.AX,2011-07-29,41.42,100,4142.0,S
BHP.AX,2011-08-01,42.3,100,4230.0,B
BHP.AX,2011-08-03,40.15,100,4015.0002,S
BHP.AX,2011-08-04,40.06,100,4006.0002,S
BHP.AX,2011-08-05,38.12,100,3812.0,S
BHP.AX,2011-08-10,38.4,100,3840.0002,B
BHP.AX,2011-08-11,37.93,100,3793.0,B
BHP.AX,2011-08-18,39.1,100,3909.9998,S
BHP.AX,2011-08-19,37.5,100,3750.0,S
BHP.AX,2011-08-23,38.21,100,3821.0,B
BHP.AX,2011-08-24,38.21,100,3821.0,B
BHP.AX,2011-08-26,38.64,100,3864.0,S
BHP.AX,2011-09-02,39.04,100,3904.0,S
BHP.AX,2011-09-05,37.7,100,3770.0,S
BHP.AX,2011-09-06,36.88,100,3688.0,S
BHP.AX,2011-09-07,38.23,100,3823.0,B
BHP.AX,2011-09-08,38.17,100,3816.9998,B
BHP.AX,2011-09-12,36.45,100,3645.0,S
BHP.AX,2011-09-13,37.29,100,3729.0,B
BHP.AX,2011-09-15,37.63,100,3763.0,B
BHP.AX,2011-09-20,36.8,100,3680.0,S
BHP.AX,2011-09-22,35.63,100,3563.0,S
BHP.AX,2011-09-26,33.95,100,3395.0,S
BHP.AX,2011-09-27,35.35,100,3534.9998,B
BHP.AX,2011-09-28,35.52,100,3552.0,B
BHP.AX,2011-09-30,35.02,100,3502.0,S
BHP.AX,2011-10-03,34.15,100,3415.0002,S
BHP.AX,2011-10-05,35.13,100,3513.0,B
BHP.AX,2011-10-06,36.3,100,3630.0,B
BHP.AX,2011-10-07,37.2,100,3720.0,B
BHP.AX,2011-10-10,37.1,100,3709.9998,S
BHP.AX,2011-10-11,37.39,100,3739.0,S
BHP.AX,2011-10-12,37.08,100,3708.0002,S
BHP.AX,2011-10-13,37.64,100,3764.0,B
BHP.AX,2011-10-14,36.86,100,3686.0,S
BHP.AX,2011-10-17,37.65,100,3765.0002,B
BHP.AX,2011-10-18,36.4,100,3640.0002,S
BHP.AX,2011-10-19,36.4,100,3640.0002,B
BHP.AX,2011-10-20,35.48,100,3548.0,S
BHP.AX,2011-10-21,35.7,100,3570.0,B
BHP.AX,2011-10-24,36.85,100,3684.9998,B
BHP.AX,2011-10-25,37.17,100,3716.9998,B
BHP.AX,2011-10-31,37.8,100,3780.0,S
BHP.AX,2011-11-01,36.77,100,3677.0,S
BHP.AX,2011-11-03,36.54,100,3654.0,B
BHP.AX,2011-11-04,37.95,100,3795.0,B
BHP.AX,2011-11-09,38.33,100,3833.0002,S
BHP.AX,2011-11-14,37.5,100,3750.0,S
BHP.AX,2011-11-17,37.04,100,3704.0,B
BHP.AX,2011-11-22,35.6,100,3559.9998,S
BHP.AX,2011-11-28,34.85,100,3484.9998,B
BHP.AX,2011-12-01,36.35,100,3634.9998,B
BHP.AX,2011-12-05,37.26,100,3725.9998,B
BHP.AX,2011-12-06,36.71,100,3671.0,S
BHP.AX,2011-12-08,36.99,100,3699.0002,S
BHP.AX,2011-12-13,35.82,100,3582.0,S
BHP.AX,2011-12-14,35.7,100,3570.0,B
BHP.AX,2011-12-15,35.06,100,3506.0002,S
BHP.AX,2011-12-16,35.19,100,3518.9998,B
BHP.AX,2011-12-19,34.32,100,3432.0,S
BHP.AX,2011-12-21,35.13,100,3513.0,B
BHP.AX,2011-12-23,35.15,100,3515.0002,B
BHP.AX,2011-12-28,34.57,100,3457.0,S
BHP.AX,2011-12-30,34.42,100,3441.9998,S
BHP.AX,2012-01-03,34.8,100,3480.0,B
BHP.AX,2012-01-04,36.22,100,3622.0,B
BHP.AX,2012-01-06,35.24,100,3524.0002,S
BHP.AX,2012-01-09,35.2,100,3520.0,S
BHP.AX,2012-01-10,35.66,100,3566.0,B
BHP.AX,2012-01-11,36.18,100,3618.0,B
BHP.AX,2012-01-16,35.98,100,3598.0,S
BHP.AX,2012-01-19,37.34,100,3734.0,B
BHP.AX,2012-01-20,37.48,100,3748.0,S
BHP.AX,2012-02-01,36.91,100,3691.0,S
BHP.AX,2012-02-02,37.62,100,3762.0,B
BHP.AX,2012-02-06,38.21,100,3821.0,B
BHP.AX,2012-02-07,37.9,100,3790.0002,S
BHP.AX,2012-02-09,37.16,100,3716.0,S
BHP.AX,2012-02-15,36.1,100,3609.9998,B
BHP.AX,2012-02-16,35.3,100,3530.0,S
BHP.AX,2012-02-20,36.02,100,3602.0,B
BHP.AX,2012-02-21,36.44,100,3643.9998,B
BHP.AX,2012-02-23,36.23,100,3623.0,S
BHP.AX,2012-02-27,35.82,100,3582.0,S
BHP.AX,2012-03-05,35.39,100,3539.0,S
BHP.AX,2012-03-07,34.05,100,3405.0,S
BHP.AX,2012-03-09,34.71,100,3471.0,B
BHP.AX,2012-03-16,34.97,100,3497.0,S
BHP.AX,2012-03-28,34.61,100,3461.0,B
BHP.AX,2012-04-04,34.74,100,3474.0002,S
BHP.AX,2012-04-05,34.44,100,3443.9998,S
BHP.AX,2012-04-12,33.9,100,3390.0002,B
BHP.AX,2012-04-13,34.47,100,3447.0,B
BHP.AX,2012-04-19,35.5,100,3550.0,B
BHP.AX,2012-04-23,35.32,100,3532.0,S
BHP.AX,2012-04-24,35.08,100,3508.0002,S
BHP.AX,2012-04-30,35.55,100,3555.0,B
BHP.AX,2012-05-03,36.25,100,3625.0,S
BHP.AX,2012-05-04,36.03,100,3603.0,S
BHP.AX,2012-05-07,34.57,100,3457.0,S
BHP.AX,2012-05-10,34.62,100,3462.0,B
BHP.AX,2012-05-15,33.86,100,3386.0,S
BHP.AX,2012-05-16,32.49,100,3249.0002,S
BHP.AX,2012-05-18,31.46,100,3146.0,S
BHP.AX,2012-05-21,32.1,100,3209.9998,B
BHP.AX,2012-05-23,31.93,100,3193.0,B
BHP.AX,2012-05-24,31.99,100,3199.0,S
BHP.AX,2012-05-25,31.61,100,3161.0,S
BHP.AX,2012-05-28,32.05,100,3205.0,B
BHP.AX,2012-05-31,31.97,100,3197.0,S
BHP.AX,2012-06-01,31.73,100,3173.0,S
BHP.AX,2012-06-04,30.75,100,3075.0,S
BHP.AX,2012-06-05,31.16,100,3116.0,B
BHP.AX,2012-06-07,31.58,100,3158.0,B
BHP.AX,2012-06-18,32.64,100,3264.0,B
BHP.AX,2012-06-21,32.2,100,3220.0,S
BHP.AX,2012-06-22,31.52,100,3152.0,S
BHP.AX,2012-06-25,31.07,100,3107.0,S
BHP.AX,2012-06-27,30.6,100,3060.0,B
BHP.AX,2012-06-28,30.73,100,3073.0,B
BHP.AX,2012-06-29,31.45,100,3145.0,B
BHP.AX,2012-07-09,31.48,100,3148.0,S
BHP.AX,2012-07-17,30.79,100,3079.0,B
BHP.AX,2012-07-18,30.18,100,3018.0,S
BHP.AX,2012-07-19,31.1,100,3110.0,B
BHP.AX,2012-07-24,30.93,100,3093.0,S
BHP.AX,2012-07-26,30.97,100,3097.0,B
BHP.AX,2012-08-01,31.7,100,3170.0,S
BHP.AX,2012-08-03,31.3,100,3130.0,S
BHP.AX,2012-08-06,32.0,100,3200.0,B
BHP.AX,2012-08-08,32.28,100,3228.0,B
BHP.AX,2012-08-24,33.09,100,3309.0,S
BHP.AX,2012-08-30,31.99,100,3199.0,S
BHP.AX,2012-09-04,31.56,100,3156.0,B
BHP.AX,2012-09-06,31.34,100,3134.0,B
BHP.AX,2012-09-10,32.46,100,3246.0,B
BHP.AX,2012-09-13,32.78,100,3278.0,S
BHP.AX,2012-09-17,34.15,100,3415.0002,B
BHP.AX,2012-09-20,33.7,100,3370.0,S
BHP.AX,2012-09-24,33.41,100,3341.0,S
BHP.AX,2012-10-09,33.47,100,3347.0,B
BHP.AX,2012-10-18,34.56,100,3456.0002,B
BHP.AX,2012-10-19,35.0,100,3500.0,B
BHP.AX,2012-10-22,34.7,100,3470.0,S
BHP.AX,2012-10-23,34.79,100,3479.0,S
BHP.AX,2012-10-24,34.31,100,3431.0002,S
BHP.AX,2012-10-26,33.86,100,3386.0,S
BHP.AX,2012-10-31,34.25,100,3425.0,B
BHP.AX,2012-11-08,34.67,100,3466.9998,S
BHP.AX,2012-11-20,33.58,100,3358.0002,B
BHP.AX,2012-12-07,34.74,100,3474.0002,B
BHP.AX,2012-12-21,36.7,100,3670.0,S
BHP.AX,2012-12-28,37.4,100,3740.0002,B
BHP.AX,2013-01-02,37.84,100,3784.0,B
BHP.AX,2013-01-07,37.81,100,3781.0002,S
BHP.AX,2013-01-08,37.5,100,3750.0,S
BHP.AX,2013-02-08,37.95,100,3795.0,B
BHP.AX,2013-02-14,38.89,100,3889.0,B
BHP.AX,2013-02-19,39.0,100,3900.0,S
BHP.AX,2013-02-21,37.17,100,3716.9998,S
BHP.AX,2013-02-22,36.87,100,3687.0,S
BHP.AX,2013-02-26,36.35,100,3634.9998,B
BHP.AX,2013-02-27,36.69,100,3668.9998,B
BHP.AX,2013-03-04,35.57,100,3557.0,S
BHP.AX,2013-03-06,35.82,100,3582.0,B
BHP.AX,2013-03-07,35.82,100,3582.0,B
BHP.AX,2013-03-11,35.82,100,3582.0,S
BHP.AX,2013-03-15,35.55,100,3555.0,B
BHP.AX,2013-03-18,34.69,100,3468.9998,S
BHP.AX,2013-03-19,34.55,100,3455.0,B
BHP.AX,2013-03-20,33.62,100,3362.0,S
BHP.AX,2013-03-21,33.49,100,3349.0002,B
BHP.AX,2013-03-25,33.4,100,3340.0002,B
BHP.AX,2013-04-03,32.23,100,3223.0,S
BHP.AX,2013-04-05,32.24,100,3224.0002,B
BHP.AX,2013-04-08,32.66,100,3266.0,B
BHP.AX,2013-04-09,33.11,100,3311.0,B
BHP.AX,2013-04-11,33.4,100,3340.0002,S
BHP.AX,2013-04-15,32.31,100,3231.0002,S
BHP.AX,2013-04-19,31.4,100,3140.0,B
BHP.AX,2013-04-23,31.36,100,3136.0,B
BHP.AX,2013-04-26,32.58,100,3258.0002,B
BHP.AX,2013-05-01,32.17,100,3216.9998,S
BHP.AX,2013-05-06,32.87,100,3287.0,B
BHP.AX,2013-05-07,33.67,100,3366.9998,B
BHP.AX,2013-05-09,34.54,100,3454.0,S
BHP.AX,2013-05-10,34.75,100,3475.0,S
BHP.AX,2013-05-13,34.55,100,3455.0,S
BHP.AX,2013-05-15,34.03,100,3403.0,S
BHP.AX,2013-05-20,34.79,100,3479.0,B
BHP.AX,2013-05-23,34.88,100,3488.0,S
BHP.AX,2013-05-24,34.36,100,3436.0,S
BHP.AX,2013-05-27,34.01,100,3400.9998,S
BHP.AX,2013-05-29,34.87,100,3487.0,B
BHP.AX,2013-06-03,34.09,100,3409.0,S
BHP.AX,2013-06-04,34.26,100,3425.9998,B
BHP.AX,2013-06-05,33.79,100,3379.0,S
BHP.AX,2013-06-06,33.77,100,3377.0,B
BHP.AX,2013-06-07,33.09,100,3309.0,S
BHP.AX,2013-06-14,32.91,100,3291.0,B
BHP.AX,2013-06-18,32.69,100,3268.9998,B
BHP.AX,2013-06-20,32.15,100,3215.0002,S
BHP.AX,2013-06-24,31.35,100,3135.0,S
BHP.AX,2013-06-26,31.62,100,3162.0,B
BHP.AX,2013-06-27,31.47,100,3147.0,B
BHP.AX,2013-07-01,30.94,100,3094.0,S
BHP.AX,2013-07-02,32.07,100,3207.0,B
BHP.AX,2013-07-03,31.05,100,3105.0,S
BHP.AX,2013-07-04,31.22,100,3122.0,B
BHP.AX,2013-07-05,31.6,100,3160.0,S
BHP.AX,2013-07-11,32.84,100,3284.0,B
BHP.AX,2013-07-16,33.43,100,3343.0,S
BHP.AX,2013-07-19,33.86,100,3386.0,S
BHP.AX,2013-07-24,34.73,100,3473.0,B
BHP.AX,2013-07-26,34.6,100,3459.9998,S
BHP.AX,2013-08-01,35.17,100,3516.9998,B
BHP.AX,2013-08-06,35.62,100,3562.0,S
BHP.AX,2013-08-07,34.9,100,3490.0002,S
BHP.AX,2013-08-09,35.94,100,3593.9998,B
BHP.AX,2013-08-12,36.81,100,3681.0002,B
BHP.AX,2013-08-14,36.9,100,3690.0002,S
BHP.AX,2013-08-16,36.87,100,3687.0,S
BHP.AX,2013-08-20,36.54,100,3654.0,S
BHP.AX,2013-08-23,35.64,100,3564.0,B
BHP.AX,2013-08-26,35.58,100,3558.0002,B
BHP.AX,2013-08-28,34.8,100,3480.0,S
BHP.AX,2013-08-29,35.35,100,3534.9998,B
BHP.AX,2013-09-02,35.62,100,3562.0,B
BHP.AX,2013-09-04,35.54,100,3554.0,S
BHP.AX,2013-09-09,35.64,100,3564.0,B
BHP.AX,2013-09-13,36.2,100,3620.0,S
BHP.AX,2013-09-24,35.87,100,3587.0,S
BHP.AX,2013-09-26,36.35,100,3634.9998,B
BHP.AX,2013-09-30,35.74,100,3574.0002,S
BHP.AX,2013-10-01,35.49,100,3549.0002,S
BHP.AX,2013-10-03,35.6,100,3559.9998,B
BHP.AX,2013-10-09,34.83,100,3483.0002,B
BHP.AX,2013-10-22,37.05,100,3705.0,B
BHP.AX,2013-10-24,37.35,100,3734.9998,S
BHP.AX,2013-10-25,37.41,100,3741.0,S
BHP.AX,2013-11-08,37.95,100,3795.0,S
BHP.AX,2013-11-27,37.25,100,3725.0,S
BHP.AX,2013-12-11,36.18,100,3618.0,S
BHP.AX,2013-12-12,35.54,100,3554.0,S
BHP.AX,2013-12-17,35.66,100,3566.0,B
BHP.AX,2013-12-19,36.8,100,3680.0,B
BHP.AX,2013-12-24,37.29,100,3729.0,S
BHP.AX,2014-01-03,37.77,100,3777.0,S
BHP.AX,2014-01-16,36.82,100,3682.0,B
BHP.AX,2014-01-17,37.89,100,3789.0,B
BHP.AX,2014-01-21,37.95,100,3795.0,S
BHP.AX,2014-01-22,37.63,100,3763.0,S
BHP.AX,2014-01-23,37.04,100,3704.0,S
BHP.AX,2014-01-29,36.87,100,3687.0,B
BHP.AX,2014-01-31,36.57,100,3657.0,B
BHP.AX,2014-02-03,36.44,100,3643.9998,S
BHP.AX,2014-02-04,35.5,100,3550.0,S
BHP.AX,2014-02-07,36.09,100,3609.0,B
BHP.AX,2014-02-10,36.5,100,3650.0,B
BHP.AX,2014-02-18,38.89,100,3889.0,B
BHP.AX,2014-02-26,38.58,100,3858.0002,S
BHP.AX,2014-03-06,37.66,100,3766.0,B
BHP.AX,2014-03-10,36.16,100,3616.0,S
BHP.AX,2014-03-13,36.4,100,3640.0002,B
BHP.AX,2014-03-25,35.92,100,3591.9998,B
BHP.AX,2014-03-27,35.98,100,3598.0,S
BHP.AX,2014-04-01,37.05,100,3705.0,B
BHP.AX,2014-04-14,37.36,100,3736.0,S
BHP.AX,2014-04-15,37.78,100,3778.0,B
BHP.AX,2014-05-14,38.3,100,3830.0,B
BHP.AX,2014-05-16,38.08,100,3808.0002,S
BHP.AX,2014-05-19,37.43,100,3743.0,S
BHP.AX,2014-05-22,37.65,100,3765.0002,B
BHP.AX,2014-05-29,37.49,100,3749.0002,S
BHP.AX,2014-06-16,35.62,100,3562.0,B
BHP.AX,2014-06-19,36.43,100,3643.0,B
BHP.AX,2014-06-23,36.45,100,3645.0,B
BHP.AX,2014-06-24,36.46,100,3646.0,S
BHP.AX,2014-07-02,36.85,100,3684.9998,B
BHP.AX,2014-07-03,37.23,100,3723.0,B
BHP.AX,2014-07-07,37.67,100,3766.9998,S
BHP.AX,2014-07-09,37.25,100,3725.0,S
BHP.AX,2014-07-14,37.86,100,3786.0,B
BHP.AX,2014-07-23,38.98,100,3898.0,B
BHP.AX,2014-08-20,38.13,100,3813.0,S
BHP.AX,2014-08-22,37.8,100,3780.0,S
BHP.AX,2014-08-25,37.25,100,3725.0,B
BHP.AX,2014-09-02,36.9,100,3690.0002,B
BHP.AX,2014-09-08,35.66,100,3566.0,B
BHP.AX,2014-09-09,36.1,100,3609.9998,B
BHP.AX,2014-09-22,34.86,100,3486.0,S
BHP.AX,2014-09-25,34.79,100,3479.0,B
BHP.AX,2014-09-26,34.16,100,3416.0,S
BHP.AX,2014-10-01,33.99,100,3399.0002,B
BHP.AX,2014-10-06,32.7,100,3270.0,S
BHP.AX,2014-10-07,33.24,100,3324.0002,B
BHP.AX,2014-10-09,33.22,100,3322.0,B
BHP.AX,2014-10-10,32.31,100,3231.0002,S
BHP.AX,2014-10-13,32.6,100,3259.9998,B
BHP.AX,2014-10-15,33.8,100,3380.0,B
BHP.AX,2014-10-16,33.33,100,3333.0002,S
BHP.AX,2014-10-17,33.4,100,3340.0002,S
BHP.AX,2014-10-23,33.64,100,3364.0,S
BHP.AX,2014-10-31,33.96,100,3396.0,B
BHP.AX,2014-11-03,33.71,100,3371.0,S
BHP.AX,2014-11-05,33.82,100,3382.0,S
BHP.AX,2014-11-12,33.2,100,3320.0,S
BHP.AX,2014-11-17,33.22,100,3322.0,B
BHP.AX,2014-11-20,31.8,100,3180.0,S
BHP.AX,2014-11-24,32.9,100,3290.0002,B
BHP.AX,2014-11-26,32.53,100,3253.0,B
BHP.AX,2014-11-27,32.0,100,3200.0,S
BHP.AX,2014-12-01,29.27,100,2927.0,S
BHP.AX,2014-12-02,30.4,100,3040.0,B
BHP.AX,2014-12-03,30.44,100,3044.0,B
BHP.AX,2014-12-04,30.89,100,3089.0,B
BHP.AX,2014-12-05,30.42,100,3042.0,S
BHP.AX,2014-12-09,28.88,100,2888.0,S
BHP.AX,2014-12-10,29.39,100,2939.0,B
BHP.AX,2014-12-12,28.46,100,2846.0,B
BHP.AX,2014-12-15,28.33,100,2833.0,S
BHP.AX,2014-12-16,27.42,100,2742.0,S
BHP.AX,2014-12-17,27.51,100,2751.0,B
BHP.AX,2014-12-18,28.04,100,2804.0,B
BHP.AX,2014-12-19,28.98,100,2898.0,B
BHP.AX,2014-12-22,29.84,100,2984.0,B
BHP.AX,2014-12-23,28.81,100,2881.0,S
BHP.AX,2014-12-24,28.97,100,2897.0,S
BHP.AX,2014-12-30,29.48,100,2948.0,B
BHP.AX,2015-01-02,29.54,100,2954.0,S
BHP.AX,2015-01-06,28.11,100,2811.0,S
BHP.AX,2015-01-09,29.16,100,2916.0,B
BHP.AX,2015-01-12,28.51,100,2851.0,S
BHP.AX,2015-01-13,27.97,100,2797.0,S
BHP.AX,2015-01-14,27.2,100,2720.0,S
BHP.AX,2015-01-16,27.05,100,2705.0,B
BHP.AX,2015-01-19,27.71,100,2771.0,B
BHP.AX,2015-01-23,29.38,100,2938.0,B
BHP.AX,2015-01-27,28.95,100,2895.0,S
BHP.AX,2015-01-28,28.94,100,2894.0,S
BHP.AX,2015-01-29,28.95,100,2895.0,S
BHP.AX,2015-01-30,29.26,100,2926.0,B
BHP.AX,2015-02-03,30.65,100,3065.0,B
BHP.AX,2015-02-04,31.99,100,3199.0,B
BHP.AX,2015-02-05,31.36,100,3136.0,S
BHP.AX,2015-02-06,31.55,100,3155.0,S
BHP.AX,2015-02-09,31.23,100,3123.0,S
BHP.AX,2015-02-10,31.39,100,3139.0,B
BHP.AX,2015-02-11,30.97,100,3097.0,S
BHP.AX,2015-02-13,32.17,100,3216.9998,B
BHP.AX,2015-02-16,32.56,100,3256.0002,B
BHP.AX,2015-02-18,32.98,100,3298.0,S
BHP.AX,2015-02-19,32.5,100,3250.0,S
BHP.AX,2015-02-23,32.12,100,3212.0,S
BHP.AX,2015-02-24,33.06,100,3306.0002,B
BHP.AX,2015-02-25,33.5,100,3350.0,B
BHP.AX,2015-02-27,33.65,100,3365.0002,S
